engine_id,maintenance_date,maintenance_type,operation,technician,status,notes
ENG001,2024-11-12,3M,Oil Drain,Ahmed K.,Completed,Oil Drain completed successfully
ENG001,2024-11-12,3M,Oil Filter Replacement,Rachid B.,Completed,Oil Filter Replacement completed successfully
ENG001,2024-11-12,3M,Air Filter Check,Youssef M.,Completed,Air Filter Check completed successfully
ENG001,2024-11-12,3M,General Inspection,Youssef M.,Completed,General Inspection completed successfully
ENG001,2024-12-20,3M,Oil Drain,Omar L.,Completed,Oil Drain completed successfully
ENG001,2024-12-20,3M,Oil Filter Replacement,Ahmed K.,Completed,Oil Filter Replacement completed successfully
ENG001,2024-12-20,3M,Air Filter Check,Omar L.,Completed,Air Filter Check completed successfully
ENG001,2024-12-20,3M,General Inspection,Hassan T.,Completed,General Inspection completed successfully
ENG001,2025-01-21,3M,Oil Drain,Ahmed K.,Completed,Oil Drain completed successfully
ENG001,2025-01-21,3M,Oil Filter Replacement,Youssef M.,Completed,Oil Filter Replacement completed successfully
ENG001,2025-01-21,3M,Air Filter Check,Youssef M.,Completed,Air Filter Check completed successfully
ENG001,2025-01-21,3M,General Inspection,Omar L.,Completed,General Inspection completed successfully
ENG001,2025-02-11,6M,Oil Drain,Ahmed K.,Completed,Oil Drain completed successfully
ENG001,2025-02-11,6M,Oil Filter Replacement,Omar L.,Completed,Oil Filter Replacement completed successfully
ENG001,2025-02-11,6M,Air Filter Replacement,Youssef M.,Completed,Air Filter Replacement completed successfully
ENG001,2025-02-11,6M,Fuel Filter Check,Omar L.,Completed,Fuel Filter Check completed successfully
ENG001,2025-02-11,6M,Belt Inspection,Hassan T.,Completed,Belt Inspection completed successfully
ENG001,2025-03-19,6M,Oil Drain,Hassan T.,Completed,Oil Drain completed successfully
ENG001,2025-03-19,6M,Oil Filter Replacement,Omar L.,Completed,Oil Filter Replacement completed successfully
ENG001,2025-03-19,6M,Air Filter Replacement,Rachid B.,Completed,Air Filter Replacement completed successfully
ENG001,2025-03-19,6M,Fuel Filter Check,Ahmed K.,Completed,Fuel Filter Check completed successfully
ENG001,2025-03-19,6M,Belt Inspection,Youssef M.,Completed,Belt Inspection completed successfully
ENG001,2025-04-15,6M,Oil Drain,Rachid B.,Completed,Oil Drain completed successfully
ENG001,2025-04-15,6M,Oil Filter Replacement,Rachid B.,Completed,Oil Filter Replacement completed successfully
ENG001,2025-04-15,6M,Air Filter Replacement,Youssef M.,Completed,Air Filter Replacement completed successfully
ENG001,2025-04-15,6M,Fuel Filter Check,Youssef M.,Completed,Fuel Filter Check completed successfully
ENG001,2025-04-15,6M,Belt Inspection,Rachid B.,Completed,Belt Inspection completed successfully
ENG002,2024-11-21,3M,Oil Drain,Hassan T.,Completed,Oil Drain completed successfully
ENG002,2024-11-21,3M,Oil Filter Replacement,Ahmed K.,Completed,Oil Filter Replacement completed successfully
ENG002,2024-11-21,3M,Air Filter Check,Rachid B.,Completed,Air Filter Check completed successfully
ENG002,2024-11-21,3M,General Inspection,Rachid B.,Completed,General Inspection completed successfully
ENG002,2024-12-13,6M,Oil Drain,Ahmed K.,Completed,Oil Drain completed successfully
ENG002,2024-12-13,6M,Oil Filter Replacement,Hassan T.,Completed,Oil Filter Replacement completed successfully
ENG002,2024-12-13,6M,Air Filter Replacement,Omar L.,Completed,Air Filter Replacement completed successfully
ENG002,2024-12-13,6M,Fuel Filter Check,Ahmed K.,Completed,Fuel Filter Check completed successfully
ENG002,2024-12-13,6M,Belt Inspection,Hassan T.,Completed,Belt Inspection completed successfully
ENG002,2025-01-20,6M,Oil Drain,Omar L.,Completed,Oil Drain completed successfully
ENG002,2025-01-20,6M,Oil Filter Replacement,Rachid B.,Completed,Oil Filter Replacement completed successfully
ENG002,2025-01-20,6M,Air Filter Replacement,Omar L.,Completed,Air Filter Replacement completed successfully
ENG002,2025-01-20,6M,Fuel Filter Check,Youssef M.,Completed,Fuel Filter Check completed successfully
ENG002,2025-01-20,6M,Belt Inspection,Ahmed K.,Completed,Belt Inspection completed successfully
ENG002,2025-02-20,6M,Oil Drain,Youssef M.,Completed,Oil Drain completed successfully
ENG002,2025-02-20,6M,Oil Filter Replacement,Rachid B.,Completed,Oil Filter Replacement completed successfully
ENG002,2025-02-20,6M,Air Filter Replacement,Ahmed K.,Completed,Air Filter Replacement completed successfully
ENG002,2025-02-20,6M,Fuel Filter Check,Youssef M.,Completed,Fuel Filter Check completed successfully
ENG002,2025-02-20,6M,Belt Inspection,Ahmed K.,Completed,Belt Inspection completed successfully
ENG002,2025-03-16,6M,Oil Drain,Rachid B.,Completed,Oil Drain completed successfully
ENG002,2025-03-16,6M,Oil Filter Replacement,Hassan T.,Completed,Oil Filter Replacement completed successfully
ENG002,2025-03-16,6M,Air Filter Replacement,Rachid B.,Completed,Air Filter Replacement completed successfully
ENG002,2025-03-16,6M,Fuel Filter Check,Youssef M.,Completed,Fuel Filter Check completed successfully
ENG002,2025-03-16,6M,Belt Inspection,Rachid B.,Completed,Belt Inspection completed successfully
ENG002,2025-04-16,6M,Oil Drain,Youssef M.,Completed,Oil Drain completed successfully
ENG002,2025-04-16,6M,Oil Filter Replacement,Rachid B.,Completed,Oil Filter Replacement completed successfully
ENG002,2025-04-16,6M,Air Filter Replacement,Ahmed K.,Completed,Air Filter Replacement completed successfully
ENG002,2025-04-16,6M,Fuel Filter Check,Omar L.,Completed,Fuel Filter Check completed successfully
ENG002,2025-04-16,6M,Belt Inspection,Youssef M.,Completed,Belt Inspection completed successfully
ENG003,2024-11-14,3M,Oil Drain,Youssef M.,Completed,Oil Drain completed successfully
ENG003,2024-11-14,3M,Oil Filter Replacement,Hassan T.,Completed,Oil Filter Replacement completed successfully
ENG003,2024-11-14,3M,Air Filter Check,Hassan T.,Completed,Air Filter Check completed successfully
ENG003,2024-11-14,3M,General Inspection,Rachid B.,Completed,General Inspection completed successfully
ENG003,2024-12-12,3M,Oil Drain,Rachid B.,Completed,Oil Drain completed successfully
ENG003,2024-12-12,3M,Oil Filter Replacement,Ahmed K.,Completed,Oil Filter Replacement completed successfully
ENG003,2024-12-12,3M,Air Filter Check,Youssef M.,Completed,Air Filter Check completed successfully
ENG003,2024-12-12,3M,General Inspection,Ahmed K.,Completed,General Inspection completed successfully
ENG003,2025-01-16,6M,Oil Drain,Rachid B.,Completed,Oil Drain completed successfully
ENG003,2025-01-16,6M,Oil Filter Replacement,Ahmed K.,Completed,Oil Filter Replacement completed successfully
ENG003,2025-01-16,6M,Air Filter Replacement,Youssef M.,Completed,Air Filter Replacement completed successfully
ENG003,2025-01-16,6M,Fuel Filter Check,Omar L.,Completed,Fuel Filter Check completed successfully
ENG003,2025-01-16,6M,Belt Inspection,Rachid B.,Completed,Belt Inspection completed successfully
ENG003,2025-02-17,6M,Oil Drain,Hassan T.,Completed,Oil Drain completed successfully
ENG003,2025-02-17,6M,Oil Filter Replacement,Hassan T.,Completed,Oil Filter Replacement completed successfully
ENG003,2025-02-17,6M,Air Filter Replacement,Hassan T.,Completed,Air Filter Replacement completed successfully
ENG003,2025-02-17,6M,Fuel Filter Check,Youssef M.,Completed,Fuel Filter Check completed successfully
ENG003,2025-02-17,6M,Belt Inspection,Rachid B.,Completed,Belt Inspection completed successfully
ENG003,2025-03-20,6M,Oil Drain,Youssef M.,Completed,Oil Drain completed successfully
ENG003,2025-03-20,6M,Oil Filter Replacement,Omar L.,Completed,Oil Filter Replacement completed successfully
ENG003,2025-03-20,6M,Air Filter Replacement,Omar L.,Completed,Air Filter Replacement completed successfully
ENG003,2025-03-20,6M,Fuel Filter Check,Rachid B.,Completed,Fuel Filter Check completed successfully
ENG003,2025-03-20,6M,Belt Inspection,Omar L.,Completed,Belt Inspection completed successfully
ENG003,2025-04-15,6M,Oil Drain,Omar L.,Completed,Oil Drain completed successfully
ENG003,2025-04-15,6M,Oil Filter Replacement,Hassan T.,Completed,Oil Filter Replacement completed successfully
ENG003,2025-04-15,6M,Air Filter Replacement,Rachid B.,Completed,Air Filter Replacement completed successfully
ENG003,2025-04-15,6M,Fuel Filter Check,Youssef M.,Completed,Fuel Filter Check completed successfully
ENG003,2025-04-15,6M,Belt Inspection,Youssef M.,Completed,Belt Inspection completed successfully
ENG004,2024-11-14,6M,Oil Drain,Ahmed K.,Completed,Oil Drain completed successfully
ENG004,2024-11-14,6M,Oil Filter Replacement,Ahmed K.,Completed,Oil Filter Replacement completed successfully
ENG004,2024-11-14,6M,Air Filter Replacement,Ahmed K.,Completed,Air Filter Replacement completed successfully
ENG004,2024-11-14,6M,Fuel Filter Check,Youssef M.,Completed,Fuel Filter Check completed successfully
ENG004,2024-11-14,6M,Belt Inspection,Youssef M.,Completed,Belt Inspection completed successfully
ENG004,2024-12-12,6M,Oil Drain,Omar L.,Completed,Oil Drain completed successfully
ENG004,2024-12-12,6M,Oil Filter Replacement,Ahmed K.,Completed,Oil Filter Replacement completed successfully
ENG004,2024-12-12,6M,Air Filter Replacement,Hassan T.,Completed,Air Filter Replacement completed successfully
ENG004,2024-12-12,6M,Fuel Filter Check,Hassan T.,Completed,Fuel Filter Check completed successfully
ENG004,2024-12-12,6M,Belt Inspection,Omar L.,Completed,Belt Inspection completed successfully
ENG004,2025-01-14,6M,Oil Drain,Omar L.,Completed,Oil Drain completed successfully
ENG004,2025-01-14,6M,Oil Filter Replacement,Ahmed K.,Completed,Oil Filter Replacement completed successfully
ENG004,2025-01-14,6M,Air Filter Replacement,Ahmed K.,Completed,Air Filter Replacement completed successfully
ENG004,2025-01-14,6M,Fuel Filter Check,Omar L.,Completed,Fuel Filter Check completed successfully
ENG004,2025-01-14,6M,Belt Inspection,Rachid B.,Completed,Belt Inspection completed successfully
ENG004,2025-02-10,3M,Oil Drain,Rachid B.,Completed,Oil Drain completed successfully
ENG004,2025-02-10,3M,Oil Filter Replacement,Ahmed K.,Completed,Oil Filter Replacement completed successfully
ENG004,2025-02-10,3M,Air Filter Check,Rachid B.,Completed,Air Filter Check completed successfully
ENG004,2025-02-10,3M,General Inspection,Hassan T.,Completed,General Inspection completed successfully
ENG004,2025-03-20,3M,Oil Drain,Hassan T.,Completed,Oil Drain completed successfully
ENG004,2025-03-20,3M,Oil Filter Replacement,Ahmed K.,Completed,Oil Filter Replacement completed successfully
ENG004,2025-03-20,3M,Air Filter Check,Rachid B.,Completed,Air Filter Check completed successfully
ENG004,2025-03-20,3M,General Inspection,Omar L.,Completed,General Inspection completed successfully
ENG004,2025-04-19,3M,Oil Drain,Omar L.,Completed,Oil Drain completed successfully
ENG004,2025-04-19,3M,Oil Filter Replacement,Ahmed K.,Completed,Oil Filter Replacement completed successfully
ENG004,2025-04-19,3M,Air Filter Check,Rachid B.,Completed,Air Filter Check completed successfully
ENG004,2025-04-19,3M,General Inspection,Omar L.,Completed,General Inspection completed successfully
ENG005,2024-11-13,3M,Oil Drain,Youssef M.,Completed,Oil Drain completed successfully
ENG005,2024-11-13,3M,Oil Filter Replacement,Rachid B.,Completed,Oil Filter Replacement completed successfully
ENG005,2024-11-13,3M,Air Filter Check,Youssef M.,Completed,Air Filter Check completed successfully
ENG005,2024-11-13,3M,General Inspection,Omar L.,Completed,General Inspection completed successfully
ENG005,2024-12-14,3M,Oil Drain,Omar L.,Completed,Oil Drain completed successfully
ENG005,2024-12-14,3M,Oil Filter Replacement,Rachid B.,Completed,Oil Filter Replacement completed successfully
ENG005,2024-12-14,3M,Air Filter Check,Hassan T.,Completed,Air Filter Check completed successfully
ENG005,2024-12-14,3M,General Inspection,Ahmed K.,Completed,General Inspection completed successfully
ENG005,2025-01-20,6M,Oil Drain,Rachid B.,Completed,Oil Drain completed successfully
ENG005,2025-01-20,6M,Oil Filter Replacement,Youssef M.,Completed,Oil Filter Replacement completed successfully
ENG005,2025-01-20,6M,Air Filter Replacement,Ahmed K.,Completed,Air Filter Replacement completed successfully
ENG005,2025-01-20,6M,Fuel Filter Check,Youssef M.,Completed,Fuel Filter Check completed successfully
ENG005,2025-01-20,6M,Belt Inspection,Omar L.,Completed,Belt Inspection completed successfully
ENG005,2025-02-19,3M,Oil Drain,Ahmed K.,Completed,Oil Drain completed successfully
ENG005,2025-02-19,3M,Oil Filter Replacement,Hassan T.,Completed,Oil Filter Replacement completed successfully
ENG005,2025-02-19,3M,Air Filter Check,Ahmed K.,Completed,Air Filter Check completed successfully
ENG005,2025-02-19,3M,General Inspection,Omar L.,Completed,General Inspection completed successfully
ENG005,2025-03-20,3M,Oil Drain,Youssef M.,Completed,Oil Drain completed successfully
ENG005,2025-03-20,3M,Oil Filter Replacement,Hassan T.,Completed,Oil Filter Replacement completed successfully
ENG005,2025-03-20,3M,Air Filter Check,Omar L.,Completed,Air Filter Check completed successfully
ENG005,2025-03-20,3M,General Inspection,Youssef M.,Completed,General Inspection completed successfully
ENG005,2025-04-17,3M,Oil Drain,Omar L.,Completed,Oil Drain completed successfully
ENG005,2025-04-17,3M,Oil Filter Replacement,Omar L.,Completed,Oil Filter Replacement completed successfully
ENG005,2025-04-17,3M,Air Filter Check,Hassan T.,Completed,Air Filter Check completed successfully
ENG005,2025-04-17,3M,General Inspection,Youssef M.,Completed,General Inspection completed successfully
ENG006,2024-11-14,3M,Oil Drain,Rachid B.,Completed,Oil Drain completed successfully
ENG006,2024-11-14,3M,Oil Filter Replacement,Hassan T.,Completed,Oil Filter Replacement completed successfully
ENG006,2024-11-14,3M,Air Filter Check,Rachid B.,Completed,Air Filter Check completed successfully
ENG006,2024-11-14,3M,General Inspection,Hassan T.,Completed,General Inspection completed successfully
ENG006,2024-12-14,6M,Oil Drain,Ahmed K.,Completed,Oil Drain completed successfully
ENG006,2024-12-14,6M,Oil Filter Replacement,Youssef M.,Completed,Oil Filter Replacement completed successfully
ENG006,2024-12-14,6M,Air Filter Replacement,Youssef M.,Completed,Air Filter Replacement completed successfully
ENG006,2024-12-14,6M,Fuel Filter Check,Ahmed K.,Completed,Fuel Filter Check completed successfully
ENG006,2024-12-14,6M,Belt Inspection,Rachid B.,Completed,Belt Inspection completed successfully
ENG006,2025-01-21,3M,Oil Drain,Omar L.,Completed,Oil Drain completed successfully
ENG006,2025-01-21,3M,Oil Filter Replacement,Youssef M.,Completed,Oil Filter Replacement completed successfully
ENG006,2025-01-21,3M,Air Filter Check,Ahmed K.,Completed,Air Filter Check completed successfully
ENG006,2025-01-21,3M,General Inspection,Ahmed K.,Completed,General Inspection completed successfully
ENG006,2025-02-10,3M,Oil Drain,Ahmed K.,Completed,Oil Drain completed successfully
ENG006,2025-02-10,3M,Oil Filter Replacement,Youssef M.,Completed,Oil Filter Replacement completed successfully
ENG006,2025-02-10,3M,Air Filter Check,Ahmed K.,Completed,Air Filter Check completed successfully
ENG006,2025-02-10,3M,General Inspection,Ahmed K.,Completed,General Inspection completed successfully
ENG006,2025-03-17,3M,Oil Drain,Ahmed K.,Completed,Oil Drain completed successfully
ENG006,2025-03-17,3M,Oil Filter Replacement,Omar L.,Completed,Oil Filter Replacement completed successfully
ENG006,2025-03-17,3M,Air Filter Check,Youssef M.,Completed,Air Filter Check completed successfully
ENG006,2025-03-17,3M,General Inspection,Rachid B.,Completed,General Inspection completed successfully
ENG006,2025-04-11,3M,Oil Drain,Hassan T.,Completed,Oil Drain completed successfully
ENG006,2025-04-11,3M,Oil Filter Replacement,Youssef M.,Completed,Oil Filter Replacement completed successfully
ENG006,2025-04-11,3M,Air Filter Check,Omar L.,Completed,Air Filter Check completed successfully
ENG006,2025-04-11,3M,General Inspection,Youssef M.,Completed,General Inspection completed successfully
ENG007,2024-11-13,6M,Oil Drain,Youssef M.,Completed,Oil Drain completed successfully
ENG007,2024-11-13,6M,Oil Filter Replacement,Hassan T.,Completed,Oil Filter Replacement completed successfully
ENG007,2024-11-13,6M,Air Filter Replacement,Hassan T.,Completed,Air Filter Replacement completed successfully
ENG007,2024-11-13,6M,Fuel Filter Check,Youssef M.,Completed,Fuel Filter Check completed successfully
ENG007,2024-11-13,6M,Belt Inspection,Ahmed K.,Completed,Belt Inspection completed successfully
ENG007,2024-12-21,6M,Oil Drain,Rachid B.,Completed,Oil Drain completed successfully
ENG007,2024-12-21,6M,Oil Filter Replacement,Hassan T.,Completed,Oil Filter Replacement completed successfully
ENG007,2024-12-21,6M,Air Filter Replacement,Hassan T.,Completed,Air Filter Replacement completed successfully
ENG007,2024-12-21,6M,Fuel Filter Check,Hassan T.,Completed,Fuel Filter Check completed successfully
ENG007,2024-12-21,6M,Belt Inspection,Ahmed K.,Completed,Belt Inspection completed successfully
ENG007,2025-01-11,3M,Oil Drain,Ahmed K.,Completed,Oil Drain completed successfully
ENG007,2025-01-11,3M,Oil Filter Replacement,Hassan T.,Completed,Oil Filter Replacement completed successfully
ENG007,2025-01-11,3M,Air Filter Check,Rachid B.,Completed,Air Filter Check completed successfully
ENG007,2025-01-11,3M,General Inspection,Ahmed K.,Completed,General Inspection completed successfully
ENG007,2025-02-17,3M,Oil Drain,Youssef M.,Completed,Oil Drain completed successfully
ENG007,2025-02-17,3M,Oil Filter Replacement,Youssef M.,Completed,Oil Filter Replacement completed successfully
ENG007,2025-02-17,3M,Air Filter Check,Omar L.,Completed,Air Filter Check completed successfully
ENG007,2025-02-17,3M,General Inspection,Hassan T.,Completed,General Inspection completed successfully
ENG007,2025-03-20,3M,Oil Drain,Hassan T.,Completed,Oil Drain completed successfully
ENG007,2025-03-20,3M,Oil Filter Replacement,Youssef M.,Completed,Oil Filter Replacement completed successfully
ENG007,2025-03-20,3M,Air Filter Check,Rachid B.,Completed,Air Filter Check completed successfully
ENG007,2025-03-20,3M,General Inspection,Hassan T.,Completed,General Inspection completed successfully
ENG007,2025-04-18,3M,Oil Drain,Ahmed K.,Completed,Oil Drain completed successfully
ENG007,2025-04-18,3M,Oil Filter Replacement,Hassan T.,Completed,Oil Filter Replacement completed successfully
ENG007,2025-04-18,3M,Air Filter Check,Omar L.,Completed,Air Filter Check completed successfully
ENG007,2025-04-18,3M,General Inspection,Ahmed K.,Completed,General Inspection completed successfully
ENG008,2024-11-22,3M,Oil Drain,Ahmed K.,Completed,Oil Drain completed successfully
ENG008,2024-11-22,3M,Oil Filter Replacement,Youssef M.,Completed,Oil Filter Replacement completed successfully
ENG008,2024-11-22,3M,Air Filter Check,Youssef M.,Completed,Air Filter Check completed successfully
ENG008,2024-11-22,3M,General Inspection,Hassan T.,Completed,General Inspection completed successfully
ENG008,2024-12-15,6M,Oil Drain,Youssef M.,Completed,Oil Drain completed successfully
ENG008,2024-12-15,6M,Oil Filter Replacement,Hassan T.,Completed,Oil Filter Replacement completed successfully
ENG008,2024-12-15,6M,Air Filter Replacement,Ahmed K.,Completed,Air Filter Replacement completed successfully
ENG008,2024-12-15,6M,Fuel Filter Check,Youssef M.,Completed,Fuel Filter Check completed successfully
ENG008,2024-12-15,6M,Belt Inspection,Hassan T.,Completed,Belt Inspection completed successfully
ENG008,2025-01-21,6M,Oil Drain,Rachid B.,Completed,Oil Drain completed successfully
ENG008,2025-01-21,6M,Oil Filter Replacement,Hassan T.,Completed,Oil Filter Replacement completed successfully
ENG008,2025-01-21,6M,Air Filter Replacement,Rachid B.,Completed,Air Filter Replacement completed successfully
ENG008,2025-01-21,6M,Fuel Filter Check,Hassan T.,Completed,Fuel Filter Check completed successfully
ENG008,2025-01-21,6M,Belt Inspection,Omar L.,Completed,Belt Inspection completed successfully
ENG008,2025-02-10,6M,Oil Drain,Hassan T.,Completed,Oil Drain completed successfully
ENG008,2025-02-10,6M,Oil Filter Replacement,Youssef M.,Completed,Oil Filter Replacement completed successfully
ENG008,2025-02-10,6M,Air Filter Replacement,Youssef M.,Completed,Air Filter Replacement completed successfully
ENG008,2025-02-10,6M,Fuel Filter Check,Rachid B.,Completed,Fuel Filter Check completed successfully
ENG008,2025-02-10,6M,Belt Inspection,Youssef M.,Completed,Belt Inspection completed successfully
ENG008,2025-03-22,6M,Oil Drain,Omar L.,Completed,Oil Drain completed successfully
ENG008,2025-03-22,6M,Oil Filter Replacement,Omar L.,Completed,Oil Filter Replacement completed successfully
ENG008,2025-03-22,6M,Air Filter Replacement,Ahmed K.,Completed,Air Filter Replacement completed successfully
ENG008,2025-03-22,6M,Fuel Filter Check,Rachid B.,Completed,Fuel Filter Check completed successfully
ENG008,2025-03-22,6M,Belt Inspection,Ahmed K.,Completed,Belt Inspection completed successfully
ENG008,2025-04-21,6M,Oil Drain,Omar L.,Completed,Oil Drain completed successfully
ENG008,2025-04-21,6M,Oil Filter Replacement,Hassan T.,Completed,Oil Filter Replacement completed successfully
ENG008,2025-04-21,6M,Air Filter Replacement,Omar L.,Completed,Air Filter Replacement completed successfully
ENG008,2025-04-21,6M,Fuel Filter Check,Omar L.,Completed,Fuel Filter Check completed successfully
ENG008,2025-04-21,6M,Belt Inspection,Youssef M.,Completed,Belt Inspection completed successfully
ENG009,2024-11-22,3M,Oil Drain,Youssef M.,Completed,Oil Drain completed successfully
ENG009,2024-11-22,3M,Oil Filter Replacement,Ahmed K.,Completed,Oil Filter Replacement completed successfully
ENG009,2024-11-22,3M,Air Filter Check,Omar L.,Completed,Air Filter Check completed successfully
ENG009,2024-11-22,3M,General Inspection,Ahmed K.,Completed,General Inspection completed successfully
ENG009,2024-12-12,3M,Oil Drain,Hassan T.,Completed,Oil Drain completed successfully
ENG009,2024-12-12,3M,Oil Filter Replacement,Ahmed K.,Completed,Oil Filter Replacement completed successfully
ENG009,2024-12-12,3M,Air Filter Check,Omar L.,Completed,Air Filter Check completed successfully
ENG009,2024-12-12,3M,General Inspection,Youssef M.,Completed,General Inspection completed successfully
ENG009,2025-01-12,3M,Oil Drain,Omar L.,Completed,Oil Drain completed successfully
ENG009,2025-01-12,3M,Oil Filter Replacement,Ahmed K.,Completed,Oil Filter Replacement completed successfully
ENG009,2025-01-12,3M,Air Filter Check,Hassan T.,Completed,Air Filter Check completed successfully
ENG009,2025-01-12,3M,General Inspection,Omar L.,Completed,General Inspection completed successfully
ENG009,2025-02-11,6M,Oil Drain,Omar L.,Completed,Oil Drain completed successfully
ENG009,2025-02-11,6M,Oil Filter Replacement,Rachid B.,Completed,Oil Filter Replacement completed successfully
ENG009,2025-02-11,6M,Air Filter Replacement,Rachid B.,Completed,Air Filter Replacement completed successfully
ENG009,2025-02-11,6M,Fuel Filter Check,Youssef M.,Completed,Fuel Filter Check completed successfully
ENG009,2025-02-11,6M,Belt Inspection,Rachid B.,Completed,Belt Inspection completed successfully
ENG009,2025-03-19,6M,Oil Drain,Rachid B.,Completed,Oil Drain completed successfully
ENG009,2025-03-19,6M,Oil Filter Replacement,Hassan T.,Completed,Oil Filter Replacement completed successfully
ENG009,2025-03-19,6M,Air Filter Replacement,Youssef M.,Completed,Air Filter Replacement completed successfully
ENG009,2025-03-19,6M,Fuel Filter Check,Rachid B.,Completed,Fuel Filter Check completed successfully
ENG009,2025-03-19,6M,Belt Inspection,Hassan T.,Completed,Belt Inspection completed successfully
ENG009,2025-04-16,6M,Oil Drain,Ahmed K.,Completed,Oil Drain completed successfully
ENG009,2025-04-16,6M,Oil Filter Replacement,Ahmed K.,Completed,Oil Filter Replacement completed successfully
ENG009,2025-04-16,6M,Air Filter Replacement,Hassan T.,Completed,Air Filter Replacement completed successfully
ENG009,2025-04-16,6M,Fuel Filter Check,Omar L.,Completed,Fuel Filter Check completed successfully
ENG009,2025-04-16,6M,Belt Inspection,Omar L.,Completed,Belt Inspection completed successfully
ENG010,2024-11-21,3M,Oil Drain,Omar L.,Completed,Oil Drain completed successfully
ENG010,2024-11-21,3M,Oil Filter Replacement,Youssef M.,Completed,Oil Filter Replacement completed successfully
ENG010,2024-11-21,3M,Air Filter Check,Omar L.,Completed,Air Filter Check completed successfully
ENG010,2024-11-21,3M,General Inspection,Rachid B.,Completed,General Inspection completed successfully
ENG010,2024-12-20,6M,Oil Drain,Ahmed K.,Completed,Oil Drain completed successfully
ENG010,2024-12-20,6M,Oil Filter Replacement,Youssef M.,Completed,Oil Filter Replacement completed successfully
ENG010,2024-12-20,6M,Air Filter Replacement,Rachid B.,Completed,Air Filter Replacement completed successfully
ENG010,2024-12-20,6M,Fuel Filter Check,Rachid B.,Completed,Fuel Filter Check completed successfully
ENG010,2024-12-20,6M,Belt Inspection,Youssef M.,Completed,Belt Inspection completed successfully
ENG010,2025-01-14,6M,Oil Drain,Omar L.,Completed,Oil Drain completed successfully
ENG010,2025-01-14,6M,Oil Filter Replacement,Omar L.,Completed,Oil Filter Replacement completed successfully
ENG010,2025-01-14,6M,Air Filter Replacement,Ahmed K.,Completed,Air Filter Replacement completed successfully
ENG010,2025-01-14,6M,Fuel Filter Check,Omar L.,Completed,Fuel Filter Check completed successfully
ENG010,2025-01-14,6M,Belt Inspection,Rachid B.,Completed,Belt Inspection completed successfully
ENG010,2025-02-10,3M,Oil Drain,Ahmed K.,Completed,Oil Drain completed successfully
ENG010,2025-02-10,3M,Oil Filter Replacement,Youssef M.,Completed,Oil Filter Replacement completed successfully
ENG010,2025-02-10,3M,Air Filter Check,Rachid B.,Completed,Air Filter Check completed successfully
ENG010,2025-02-10,3M,General Inspection,Ahmed K.,Completed,General Inspection completed successfully
ENG010,2025-03-21,3M,Oil Drain,Omar L.,Completed,Oil Drain completed successfully
ENG010,2025-03-21,3M,Oil Filter Replacement,Youssef M.,Completed,Oil Filter Replacement completed successfully
ENG010,2025-03-21,3M,Air Filter Check,Rachid B.,Completed,Air Filter Check completed successfully
ENG010,2025-03-21,3M,General Inspection,Rachid B.,Completed,General Inspection completed successfully
ENG010,2025-04-12,3M,Oil Drain,Youssef M.,Completed,Oil Drain completed successfully
ENG010,2025-04-12,3M,Oil Filter Replacement,Rachid B.,Completed,Oil Filter Replacement completed successfully
ENG010,2025-04-12,3M,Air Filter Check,Youssef M.,Completed,Air Filter Check completed successfully
ENG010,2025-04-12,3M,General Inspection,Rachid B.,Completed,General Inspection completed successfully
ENG011,2024-11-14,6M,Oil Drain,Rachid B.,Completed,Oil Drain completed successfully
ENG011,2024-11-14,6M,Oil Filter Replacement,Ahmed K.,Completed,Oil Filter Replacement completed successfully
ENG011,2024-11-14,6M,Air Filter Replacement,Ahmed K.,Completed,Air Filter Replacement completed successfully
ENG011,2024-11-14,6M,Fuel Filter Check,Hassan T.,Completed,Fuel Filter Check completed successfully
ENG011,2024-11-14,6M,Belt Inspection,Rachid B.,Completed,Belt Inspection completed successfully
ENG011,2024-12-22,3M,Oil Drain,Rachid B.,Completed,Oil Drain completed successfully
ENG011,2024-12-22,3M,Oil Filter Replacement,Youssef M.,Completed,Oil Filter Replacement completed successfully
ENG011,2024-12-22,3M,Air Filter Check,Rachid B.,Completed,Air Filter Check completed successfully
ENG011,2024-12-22,3M,General Inspection,Youssef M.,Completed,General Inspection completed successfully
ENG011,2025-01-14,6M,Oil Drain,Omar L.,Completed,Oil Drain completed successfully
ENG011,2025-01-14,6M,Oil Filter Replacement,Ahmed K.,Completed,Oil Filter Replacement completed successfully
ENG011,2025-01-14,6M,Air Filter Replacement,Ahmed K.,Completed,Air Filter Replacement completed successfully
ENG011,2025-01-14,6M,Fuel Filter Check,Ahmed K.,Completed,Fuel Filter Check completed successfully
ENG011,2025-01-14,6M,Belt Inspection,Youssef M.,Completed,Belt Inspection completed successfully
ENG011,2025-02-12,3M,Oil Drain,Ahmed K.,Completed,Oil Drain completed successfully
ENG011,2025-02-12,3M,Oil Filter Replacement,Rachid B.,Completed,Oil Filter Replacement completed successfully
ENG011,2025-02-12,3M,Air Filter Check,Omar L.,Completed,Air Filter Check completed successfully
ENG011,2025-02-12,3M,General Inspection,Omar L.,Completed,General Inspection completed successfully
ENG011,2025-03-20,3M,Oil Drain,Hassan T.,Completed,Oil Drain completed successfully
ENG011,2025-03-20,3M,Oil Filter Replacement,Youssef M.,Completed,Oil Filter Replacement completed successfully
ENG011,2025-03-20,3M,Air Filter Check,Ahmed K.,Completed,Air Filter Check completed successfully
ENG011,2025-03-20,3M,General Inspection,Rachid B.,Completed,General Inspection completed successfully
ENG011,2025-04-16,3M,Oil Drain,Ahmed K.,Completed,Oil Drain completed successfully
ENG011,2025-04-16,3M,Oil Filter Replacement,Rachid B.,Completed,Oil Filter Replacement completed successfully
ENG011,2025-04-16,3M,Air Filter Check,Youssef M.,Completed,Air Filter Check completed successfully
ENG011,2025-04-16,3M,General Inspection,Youssef M.,Completed,General Inspection completed successfully
ENG012,2024-11-12,3M,Oil Drain,Rachid B.,Completed,Oil Drain completed successfully
ENG012,2024-11-12,3M,Oil Filter Replacement,Omar L.,Completed,Oil Filter Replacement completed successfully
ENG012,2024-11-12,3M,Air Filter Check,Hassan T.,Completed,Air Filter Check completed successfully
ENG012,2024-11-12,3M,General Inspection,Omar L.,Completed,General Inspection completed successfully
ENG012,2024-12-20,3M,Oil Drain,Youssef M.,Completed,Oil Drain completed successfully
ENG012,2024-12-20,3M,Oil Filter Replacement,Youssef M.,Completed,Oil Filter Replacement completed successfully
ENG012,2024-12-20,3M,Air Filter Check,Hassan T.,Completed,Air Filter Check completed successfully
ENG012,2024-12-20,3M,General Inspection,Ahmed K.,Completed,General Inspection completed successfully
ENG012,2025-01-19,6M,Oil Drain,Hassan T.,Completed,Oil Drain completed successfully
ENG012,2025-01-19,6M,Oil Filter Replacement,Youssef M.,Completed,Oil Filter Replacement completed successfully
ENG012,2025-01-19,6M,Air Filter Replacement,Rachid B.,Completed,Air Filter Replacement completed successfully
ENG012,2025-01-19,6M,Fuel Filter Check,Youssef M.,Completed,Fuel Filter Check completed successfully
ENG012,2025-01-19,6M,Belt Inspection,Ahmed K.,Completed,Belt Inspection completed successfully
ENG012,2025-02-14,3M,Oil Drain,Ahmed K.,Completed,Oil Drain completed successfully
ENG012,2025-02-14,3M,Oil Filter Replacement,Hassan T.,Completed,Oil Filter Replacement completed successfully
ENG012,2025-02-14,3M,Air Filter Check,Youssef M.,Completed,Air Filter Check completed successfully
ENG012,2025-02-14,3M,General Inspection,Youssef M.,Completed,General Inspection completed successfully
ENG012,2025-03-15,3M,Oil Drain,Rachid B.,Completed,Oil Drain completed successfully
ENG012,2025-03-15,3M,Oil Filter Replacement,Rachid B.,Completed,Oil Filter Replacement completed successfully
ENG012,2025-03-15,3M,Air Filter Check,Youssef M.,Completed,Air Filter Check completed successfully
ENG012,2025-03-15,3M,General Inspection,Youssef M.,Completed,General Inspection completed successfully
ENG012,2025-04-21,3M,Oil Drain,Youssef M.,Completed,Oil Drain completed successfully
ENG012,2025-04-21,3M,Oil Filter Replacement,Hassan T.,Completed,Oil Filter Replacement completed successfully
ENG012,2025-04-21,3M,Air Filter Check,Rachid B.,Completed,Air Filter Check completed successfully
ENG012,2025-04-21,3M,General Inspection,Rachid B.,Completed,General Inspection completed successfully
ENG013,2024-11-21,6M,Oil Drain,Rachid B.,Completed,Oil Drain completed successfully
ENG013,2024-11-21,6M,Oil Filter Replacement,Omar L.,Completed,Oil Filter Replacement completed successfully
ENG013,2024-11-21,6M,Air Filter Replacement,Hassan T.,Completed,Air Filter Replacement completed successfully
ENG013,2024-11-21,6M,Fuel Filter Check,Omar L.,Completed,Fuel Filter Check completed successfully
ENG013,2024-11-21,6M,Belt Inspection,Rachid B.,Completed,Belt Inspection completed successfully
ENG013,2024-12-22,3M,Oil Drain,Rachid B.,Completed,Oil Drain completed successfully
ENG013,2024-12-22,3M,Oil Filter Replacement,Youssef M.,Completed,Oil Filter Replacement completed successfully
ENG013,2024-12-22,3M,Air Filter Check,Omar L.,Completed,Air Filter Check completed successfully
ENG013,2024-12-22,3M,General Inspection,Rachid B.,Completed,General Inspection completed successfully
ENG013,2025-01-21,3M,Oil Drain,Omar L.,Completed,Oil Drain completed successfully
ENG013,2025-01-21,3M,Oil Filter Replacement,Hassan T.,Completed,Oil Filter Replacement completed successfully
ENG013,2025-01-21,3M,Air Filter Check,Rachid B.,Completed,Air Filter Check completed successfully
ENG013,2025-01-21,3M,General Inspection,Rachid B.,Completed,General Inspection completed successfully
ENG013,2025-02-14,3M,Oil Drain,Omar L.,Completed,Oil Drain completed successfully
ENG013,2025-02-14,3M,Oil Filter Replacement,Omar L.,Completed,Oil Filter Replacement completed successfully
ENG013,2025-02-14,3M,Air Filter Check,Ahmed K.,Completed,Air Filter Check completed successfully
ENG013,2025-02-14,3M,General Inspection,Hassan T.,Completed,General Inspection completed successfully
ENG013,2025-03-13,3M,Oil Drain,Youssef M.,Completed,Oil Drain completed successfully
ENG013,2025-03-13,3M,Oil Filter Replacement,Rachid B.,Completed,Oil Filter Replacement completed successfully
ENG013,2025-03-13,3M,Air Filter Check,Ahmed K.,Completed,Air Filter Check completed successfully
ENG013,2025-03-13,3M,General Inspection,Hassan T.,Completed,General Inspection completed successfully
ENG013,2025-04-21,3M,Oil Drain,Omar L.,Completed,Oil Drain completed successfully
ENG013,2025-04-21,3M,Oil Filter Replacement,Omar L.,Completed,Oil Filter Replacement completed successfully
ENG013,2025-04-21,3M,Air Filter Check,Youssef M.,Completed,Air Filter Check completed successfully
ENG013,2025-04-21,3M,General Inspection,Rachid B.,Completed,General Inspection completed successfully
ENG014,2024-11-16,3M,Oil Drain,Rachid B.,Completed,Oil Drain completed successfully
ENG014,2024-11-16,3M,Oil Filter Replacement,Omar L.,Completed,Oil Filter Replacement completed successfully
ENG014,2024-11-16,3M,Air Filter Check,Rachid B.,Completed,Air Filter Check completed successfully
ENG014,2024-11-16,3M,General Inspection,Ahmed K.,Completed,General Inspection completed successfully
ENG014,2024-12-18,6M,Oil Drain,Hassan T.,Completed,Oil Drain completed successfully
ENG014,2024-12-18,6M,Oil Filter Replacement,Rachid B.,Completed,Oil Filter Replacement completed successfully
ENG014,2024-12-18,6M,Air Filter Replacement,Hassan T.,Completed,Air Filter Replacement completed successfully
ENG014,2024-12-18,6M,Fuel Filter Check,Rachid B.,Completed,Fuel Filter Check completed successfully
ENG014,2024-12-18,6M,Belt Inspection,Omar L.,Completed,Belt Inspection completed successfully
ENG014,2025-01-19,3M,Oil Drain,Hassan T.,Completed,Oil Drain completed successfully
ENG014,2025-01-19,3M,Oil Filter Replacement,Hassan T.,Completed,Oil Filter Replacement completed successfully
ENG014,2025-01-19,3M,Air Filter Check,Youssef M.,Completed,Air Filter Check completed successfully
ENG014,2025-01-19,3M,General Inspection,Omar L.,Completed,General Inspection completed successfully
ENG014,2025-02-11,3M,Oil Drain,Rachid B.,Completed,Oil Drain completed successfully
ENG014,2025-02-11,3M,Oil Filter Replacement,Hassan T.,Completed,Oil Filter Replacement completed successfully
ENG014,2025-02-11,3M,Air Filter Check,Omar L.,Completed,Air Filter Check completed successfully
ENG014,2025-02-11,3M,General Inspection,Ahmed K.,Completed,General Inspection completed successfully
ENG014,2025-03-18,3M,Oil Drain,Rachid B.,Completed,Oil Drain completed successfully
ENG014,2025-03-18,3M,Oil Filter Replacement,Youssef M.,Completed,Oil Filter Replacement completed successfully
ENG014,2025-03-18,3M,Air Filter Check,Hassan T.,Completed,Air Filter Check completed successfully
ENG014,2025-03-18,3M,General Inspection,Omar L.,Completed,General Inspection completed successfully
ENG014,2025-04-12,3M,Oil Drain,Rachid B.,Completed,Oil Drain completed successfully
ENG014,2025-04-12,3M,Oil Filter Replacement,Hassan T.,Completed,Oil Filter Replacement completed successfully
ENG014,2025-04-12,3M,Air Filter Check,Hassan T.,Completed,Air Filter Check completed successfully
ENG014,2025-04-12,3M,General Inspection,Hassan T.,Completed,General Inspection completed successfully
ENG015,2024-11-12,3M,Oil Drain,Omar L.,Completed,Oil Drain completed successfully
ENG015,2024-11-12,3M,Oil Filter Replacement,Hassan T.,Completed,Oil Filter Replacement completed successfully
ENG015,2024-11-12,3M,Air Filter Check,Youssef M.,Completed,Air Filter Check completed successfully
ENG015,2024-11-12,3M,General Inspection,Ahmed K.,Completed,General Inspection completed successfully
ENG015,2024-12-18,6M,Oil Drain,Ahmed K.,Completed,Oil Drain completed successfully
ENG015,2024-12-18,6M,Oil Filter Replacement,Youssef M.,Completed,Oil Filter Replacement completed successfully
ENG015,2024-12-18,6M,Air Filter Replacement,Rachid B.,Completed,Air Filter Replacement completed successfully
ENG015,2024-12-18,6M,Fuel Filter Check,Youssef M.,Completed,Fuel Filter Check completed successfully
ENG015,2024-12-18,6M,Belt Inspection,Youssef M.,Completed,Belt Inspection completed successfully
ENG015,2025-01-19,3M,Oil Drain,Ahmed K.,Completed,Oil Drain completed successfully
ENG015,2025-01-19,3M,Oil Filter Replacement,Youssef M.,Completed,Oil Filter Replacement completed successfully
ENG015,2025-01-19,3M,Air Filter Check,Hassan T.,Completed,Air Filter Check completed successfully
ENG015,2025-01-19,3M,General Inspection,Omar L.,Completed,General Inspection completed successfully
ENG015,2025-02-19,3M,Oil Drain,Hassan T.,Completed,Oil Drain completed successfully
ENG015,2025-02-19,3M,Oil Filter Replacement,Hassan T.,Completed,Oil Filter Replacement completed successfully
ENG015,2025-02-19,3M,Air Filter Check,Omar L.,Completed,Air Filter Check completed successfully
ENG015,2025-02-19,3M,General Inspection,Youssef M.,Completed,General Inspection completed successfully
ENG015,2025-03-16,3M,Oil Drain,Hassan T.,Completed,Oil Drain completed successfully
ENG015,2025-03-16,3M,Oil Filter Replacement,Hassan T.,Completed,Oil Filter Replacement completed successfully
ENG015,2025-03-16,3M,Air Filter Check,Youssef M.,Completed,Air Filter Check completed successfully
ENG015,2025-03-16,3M,General Inspection,Youssef M.,Completed,General Inspection completed successfully
ENG015,2025-04-11,3M,Oil Drain,Ahmed K.,Completed,Oil Drain completed successfully
ENG015,2025-04-11,3M,Oil Filter Replacement,Ahmed K.,Completed,Oil Filter Replacement completed successfully
ENG015,2025-04-11,3M,Air Filter Check,Hassan T.,Completed,Air Filter Check completed successfully
ENG015,2025-04-11,3M,General Inspection,Youssef M.,Completed,General Inspection completed successfully
ENG016,2024-11-20,6M,Oil Drain,Ahmed K.,Completed,Oil Drain completed successfully
ENG016,2024-11-20,6M,Oil Filter Replacement,Omar L.,Completed,Oil Filter Replacement completed successfully
ENG016,2024-11-20,6M,Air Filter Replacement,Youssef M.,Completed,Air Filter Replacement completed successfully
ENG016,2024-11-20,6M,Fuel Filter Check,Ahmed K.,Completed,Fuel Filter Check completed successfully
ENG016,2024-11-20,6M,Belt Inspection,Hassan T.,Completed,Belt Inspection completed successfully
ENG016,2024-12-20,6M,Oil Drain,Omar L.,Completed,Oil Drain completed successfully
ENG016,2024-12-20,6M,Oil Filter Replacement,Omar L.,Completed,Oil Filter Replacement completed successfully
ENG016,2024-12-20,6M,Air Filter Replacement,Omar L.,Completed,Air Filter Replacement completed successfully
ENG016,2024-12-20,6M,Fuel Filter Check,Rachid B.,Completed,Fuel Filter Check completed successfully
ENG016,2024-12-20,6M,Belt Inspection,Hassan T.,Completed,Belt Inspection completed successfully
ENG016,2025-01-12,6M,Oil Drain,Omar L.,Completed,Oil Drain completed successfully
ENG016,2025-01-12,6M,Oil Filter Replacement,Hassan T.,Completed,Oil Filter Replacement completed successfully
ENG016,2025-01-12,6M,Air Filter Replacement,Youssef M.,Completed,Air Filter Replacement completed successfully
ENG016,2025-01-12,6M,Fuel Filter Check,Hassan T.,Completed,Fuel Filter Check completed successfully
ENG016,2025-01-12,6M,Belt Inspection,Hassan T.,Completed,Belt Inspection completed successfully
ENG016,2025-02-16,3M,Oil Drain,Youssef M.,Completed,Oil Drain completed successfully
ENG016,2025-02-16,3M,Oil Filter Replacement,Rachid B.,Completed,Oil Filter Replacement completed successfully
ENG016,2025-02-16,3M,Air Filter Check,Omar L.,Completed,Air Filter Check completed successfully
ENG016,2025-02-16,3M,General Inspection,Hassan T.,Completed,General Inspection completed successfully
ENG016,2025-03-12,3M,Oil Drain,Youssef M.,Completed,Oil Drain completed successfully
ENG016,2025-03-12,3M,Oil Filter Replacement,Rachid B.,Completed,Oil Filter Replacement completed successfully
ENG016,2025-03-12,3M,Air Filter Check,Hassan T.,Completed,Air Filter Check completed successfully
ENG016,2025-03-12,3M,General Inspection,Ahmed K.,Completed,General Inspection completed successfully
ENG016,2025-04-17,3M,Oil Drain,Youssef M.,Completed,Oil Drain completed successfully
ENG016,2025-04-17,3M,Oil Filter Replacement,Rachid B.,Completed,Oil Filter Replacement completed successfully
ENG016,2025-04-17,3M,Air Filter Check,Rachid B.,Completed,Air Filter Check completed successfully
ENG016,2025-04-17,3M,General Inspection,Rachid B.,Completed,General Inspection completed successfully
ENG017,2024-11-14,3M,Oil Drain,Youssef M.,Completed,Oil Drain completed successfully
ENG017,2024-11-14,3M,Oil Filter Replacement,Youssef M.,Completed,Oil Filter Replacement completed successfully
ENG017,2024-11-14,3M,Air Filter Check,Youssef M.,Completed,Air Filter Check completed successfully
ENG017,2024-11-14,3M,General Inspection,Hassan T.,Completed,General Inspection completed successfully
ENG017,2024-12-20,3M,Oil Drain,Ahmed K.,Completed,Oil Drain completed successfully
ENG017,2024-12-20,3M,Oil Filter Replacement,Hassan T.,Completed,Oil Filter Replacement completed successfully
ENG017,2024-12-20,3M,Air Filter Check,Hassan T.,Completed,Air Filter Check completed successfully
ENG017,2024-12-20,3M,General Inspection,Rachid B.,Completed,General Inspection completed successfully
ENG017,2025-01-13,6M,Oil Drain,Hassan T.,Completed,Oil Drain completed successfully
ENG017,2025-01-13,6M,Oil Filter Replacement,Ahmed K.,Completed,Oil Filter Replacement completed successfully
ENG017,2025-01-13,6M,Air Filter Replacement,Youssef M.,Completed,Air Filter Replacement completed successfully
ENG017,2025-01-13,6M,Fuel Filter Check,Hassan T.,Completed,Fuel Filter Check completed successfully
ENG017,2025-01-13,6M,Belt Inspection,Hassan T.,Completed,Belt Inspection completed successfully
ENG017,2025-02-11,3M,Oil Drain,Ahmed K.,Completed,Oil Drain completed successfully
ENG017,2025-02-11,3M,Oil Filter Replacement,Omar L.,Completed,Oil Filter Replacement completed successfully
ENG017,2025-02-11,3M,Air Filter Check,Hassan T.,Completed,Air Filter Check completed successfully
ENG017,2025-02-11,3M,General Inspection,Hassan T.,Completed,General Inspection completed successfully
ENG017,2025-03-22,3M,Oil Drain,Rachid B.,Completed,Oil Drain completed successfully
ENG017,2025-03-22,3M,Oil Filter Replacement,Rachid B.,Completed,Oil Filter Replacement completed successfully
ENG017,2025-03-22,3M,Air Filter Check,Hassan T.,Completed,Air Filter Check completed successfully
ENG017,2025-03-22,3M,General Inspection,Hassan T.,Completed,General Inspection completed successfully
ENG017,2025-04-13,3M,Oil Drain,Omar L.,Completed,Oil Drain completed successfully
ENG017,2025-04-13,3M,Oil Filter Replacement,Omar L.,Completed,Oil Filter Replacement completed successfully
ENG017,2025-04-13,3M,Air Filter Check,Youssef M.,Completed,Air Filter Check completed successfully
ENG017,2025-04-13,3M,General Inspection,Hassan T.,Completed,General Inspection completed successfully
ENG018,2024-11-19,6M,Oil Drain,Hassan T.,Completed,Oil Drain completed successfully
ENG018,2024-11-19,6M,Oil Filter Replacement,Hassan T.,Completed,Oil Filter Replacement completed successfully
ENG018,2024-11-19,6M,Air Filter Replacement,Ahmed K.,Completed,Air Filter Replacement completed successfully
ENG018,2024-11-19,6M,Fuel Filter Check,Hassan T.,Completed,Fuel Filter Check completed successfully
ENG018,2024-11-19,6M,Belt Inspection,Rachid B.,Completed,Belt Inspection completed successfully
ENG018,2024-12-12,6M,Oil Drain,Youssef M.,Completed,Oil Drain completed successfully
ENG018,2024-12-12,6M,Oil Filter Replacement,Hassan T.,Completed,Oil Filter Replacement completed successfully
ENG018,2024-12-12,6M,Air Filter Replacement,Youssef M.,Completed,Air Filter Replacement completed successfully
ENG018,2024-12-12,6M,Fuel Filter Check,Omar L.,Completed,Fuel Filter Check completed successfully
ENG018,2024-12-12,6M,Belt Inspection,Omar L.,Completed,Belt Inspection completed successfully
ENG018,2025-01-21,6M,Oil Drain,Omar L.,Completed,Oil Drain completed successfully
ENG018,2025-01-21,6M,Oil Filter Replacement,Omar L.,Completed,Oil Filter Replacement completed successfully
ENG018,2025-01-21,6M,Air Filter Replacement,Ahmed K.,Completed,Air Filter Replacement completed successfully
ENG018,2025-01-21,6M,Fuel Filter Check,Ahmed K.,Completed,Fuel Filter Check completed successfully
ENG018,2025-01-21,6M,Belt Inspection,Hassan T.,Completed,Belt Inspection completed successfully
ENG018,2025-02-18,3M,Oil Drain,Hassan T.,Completed,Oil Drain completed successfully
ENG018,2025-02-18,3M,Oil Filter Replacement,Youssef M.,Completed,Oil Filter Replacement completed successfully
ENG018,2025-02-18,3M,Air Filter Check,Ahmed K.,Completed,Air Filter Check completed successfully
ENG018,2025-02-18,3M,General Inspection,Rachid B.,Completed,General Inspection completed successfully
ENG018,2025-03-16,3M,Oil Drain,Rachid B.,Completed,Oil Drain completed successfully
ENG018,2025-03-16,3M,Oil Filter Replacement,Youssef M.,Completed,Oil Filter Replacement completed successfully
ENG018,2025-03-16,3M,Air Filter Check,Hassan T.,Completed,Air Filter Check completed successfully
ENG018,2025-03-16,3M,General Inspection,Rachid B.,Completed,General Inspection completed successfully
ENG018,2025-04-16,3M,Oil Drain,Hassan T.,Completed,Oil Drain completed successfully
ENG018,2025-04-16,3M,Oil Filter Replacement,Rachid B.,Completed,Oil Filter Replacement completed successfully
ENG018,2025-04-16,3M,Air Filter Check,Hassan T.,Completed,Air Filter Check completed successfully
ENG018,2025-04-16,3M,General Inspection,Rachid B.,Completed,General Inspection completed successfully
ENG019,2024-11-21,6M,Oil Drain,Ahmed K.,Completed,Oil Drain completed successfully
ENG019,2024-11-21,6M,Oil Filter Replacement,Omar L.,Completed,Oil Filter Replacement completed successfully
ENG019,2024-11-21,6M,Air Filter Replacement,Ahmed K.,Completed,Air Filter Replacement completed successfully
ENG019,2024-11-21,6M,Fuel Filter Check,Rachid B.,Completed,Fuel Filter Check completed successfully
ENG019,2024-11-21,6M,Belt Inspection,Youssef M.,Completed,Belt Inspection completed successfully
ENG019,2024-12-12,3M,Oil Drain,Ahmed K.,Completed,Oil Drain completed successfully
ENG019,2024-12-12,3M,Oil Filter Replacement,Ahmed K.,Completed,Oil Filter Replacement completed successfully
ENG019,2024-12-12,3M,Air Filter Check,Youssef M.,Completed,Air Filter Check completed successfully
ENG019,2024-12-12,3M,General Inspection,Youssef M.,Completed,General Inspection completed successfully
ENG019,2025-01-21,3M,Oil Drain,Youssef M.,Completed,Oil Drain completed successfully
ENG019,2025-01-21,3M,Oil Filter Replacement,Youssef M.,Completed,Oil Filter Replacement completed successfully
ENG019,2025-01-21,3M,Air Filter Check,Hassan T.,Completed,Air Filter Check completed successfully
ENG019,2025-01-21,3M,General Inspection,Ahmed K.,Completed,General Inspection completed successfully
ENG019,2025-02-11,3M,Oil Drain,Youssef M.,Completed,Oil Drain completed successfully
ENG019,2025-02-11,3M,Oil Filter Replacement,Hassan T.,Completed,Oil Filter Replacement completed successfully
ENG019,2025-02-11,3M,Air Filter Check,Rachid B.,Completed,Air Filter Check completed successfully
ENG019,2025-02-11,3M,General Inspection,Rachid B.,Completed,General Inspection completed successfully
ENG019,2025-03-20,3M,Oil Drain,Omar L.,Completed,Oil Drain completed successfully
ENG019,2025-03-20,3M,Oil Filter Replacement,Omar L.,Completed,Oil Filter Replacement completed successfully
ENG019,2025-03-20,3M,Air Filter Check,Ahmed K.,Completed,Air Filter Check completed successfully
ENG019,2025-03-20,3M,General Inspection,Youssef M.,Completed,General Inspection completed successfully
ENG019,2025-04-17,3M,Oil Drain,Ahmed K.,Completed,Oil Drain completed successfully
ENG019,2025-04-17,3M,Oil Filter Replacement,Omar L.,Completed,Oil Filter Replacement completed successfully
ENG019,2025-04-17,3M,Air Filter Check,Ahmed K.,Completed,Air Filter Check completed successfully
ENG019,2025-04-17,3M,General Inspection,Rachid B.,Completed,General Inspection completed successfully
ENG020,2024-11-13,6M,Oil Drain,Hassan T.,Completed,Oil Drain completed successfully
ENG020,2024-11-13,6M,Oil Filter Replacement,Youssef M.,Completed,Oil Filter Replacement completed successfully
ENG020,2024-11-13,6M,Air Filter Replacement,Ahmed K.,Completed,Air Filter Replacement completed successfully
ENG020,2024-11-13,6M,Fuel Filter Check,Omar L.,Completed,Fuel Filter Check completed successfully
ENG020,2024-11-13,6M,Belt Inspection,Youssef M.,Completed,Belt Inspection completed successfully
ENG020,2024-12-21,6M,Oil Drain,Omar L.,Completed,Oil Drain completed successfully
ENG020,2024-12-21,6M,Oil Filter Replacement,Ahmed K.,Completed,Oil Filter Replacement completed successfully
ENG020,2024-12-21,6M,Air Filter Replacement,Omar L.,Completed,Air Filter Replacement completed successfully
ENG020,2024-12-21,6M,Fuel Filter Check,Ahmed K.,Completed,Fuel Filter Check completed successfully
ENG020,2024-12-21,6M,Belt Inspection,Rachid B.,Completed,Belt Inspection completed successfully
ENG020,2025-01-13,6M,Oil Drain,Rachid B.,Completed,Oil Drain completed successfully
ENG020,2025-01-13,6M,Oil Filter Replacement,Ahmed K.,Completed,Oil Filter Replacement completed successfully
ENG020,2025-01-13,6M,Air Filter Replacement,Omar L.,Completed,Air Filter Replacement completed successfully
ENG020,2025-01-13,6M,Fuel Filter Check,Rachid B.,Completed,Fuel Filter Check completed successfully
ENG020,2025-01-13,6M,Belt Inspection,Ahmed K.,Completed,Belt Inspection completed successfully
ENG020,2025-02-14,3M,Oil Drain,Hassan T.,Completed,Oil Drain completed successfully
ENG020,2025-02-14,3M,Oil Filter Replacement,Ahmed K.,Completed,Oil Filter Replacement completed successfully
ENG020,2025-02-14,3M,Air Filter Check,Hassan T.,Completed,Air Filter Check completed successfully
ENG020,2025-02-14,3M,General Inspection,Rachid B.,Completed,General Inspection completed successfully
ENG020,2025-03-12,3M,Oil Drain,Hassan T.,Completed,Oil Drain completed successfully
ENG020,2025-03-12,3M,Oil Filter Replacement,Youssef M.,Completed,Oil Filter Replacement completed successfully
ENG020,2025-03-12,3M,Air Filter Check,Hassan T.,Completed,Air Filter Check completed successfully
ENG020,2025-03-12,3M,General Inspection,Youssef M.,Completed,General Inspection completed successfully
ENG020,2025-04-13,3M,Oil Drain,Rachid B.,Completed,Oil Drain completed successfully
ENG020,2025-04-13,3M,Oil Filter Replacement,Omar L.,Completed,Oil Filter Replacement completed successfully
ENG020,2025-04-13,3M,Air Filter Check,Omar L.,Completed,Air Filter Check completed successfully
ENG020,2025-04-13,3M,General Inspection,Hassan T.,Completed,General Inspection completed successfully
ENG021,2024-11-15,6M,Oil Drain,Omar L.,Completed,Oil Drain completed successfully
ENG021,2024-11-15,6M,Oil Filter Replacement,Rachid B.,Completed,Oil Filter Replacement completed successfully
ENG021,2024-11-15,6M,Air Filter Replacement,Rachid B.,Completed,Air Filter Replacement completed successfully
ENG021,2024-11-15,6M,Fuel Filter Check,Youssef M.,Completed,Fuel Filter Check completed successfully
ENG021,2024-11-15,6M,Belt Inspection,Ahmed K.,Completed,Belt Inspection completed successfully
ENG021,2024-12-18,6M,Oil Drain,Youssef M.,Completed,Oil Drain completed successfully
ENG021,2024-12-18,6M,Oil Filter Replacement,Hassan T.,Completed,Oil Filter Replacement completed successfully
ENG021,2024-12-18,6M,Air Filter Replacement,Omar L.,Completed,Air Filter Replacement completed successfully
ENG021,2024-12-18,6M,Fuel Filter Check,Omar L.,Completed,Fuel Filter Check completed successfully
ENG021,2024-12-18,6M,Belt Inspection,Hassan T.,Completed,Belt Inspection completed successfully
ENG021,2025-01-16,3M,Oil Drain,Hassan T.,Completed,Oil Drain completed successfully
ENG021,2025-01-16,3M,Oil Filter Replacement,Rachid B.,Completed,Oil Filter Replacement completed successfully
ENG021,2025-01-16,3M,Air Filter Check,Youssef M.,Completed,Air Filter Check completed successfully
ENG021,2025-01-16,3M,General Inspection,Hassan T.,Completed,General Inspection completed successfully
ENG021,2025-02-17,3M,Oil Drain,Rachid B.,Completed,Oil Drain completed successfully
ENG021,2025-02-17,3M,Oil Filter Replacement,Rachid B.,Completed,Oil Filter Replacement completed successfully
ENG021,2025-02-17,3M,Air Filter Check,Rachid B.,Completed,Air Filter Check completed successfully
ENG021,2025-02-17,3M,General Inspection,Rachid B.,Completed,General Inspection completed successfully
ENG021,2025-03-13,3M,Oil Drain,Rachid B.,Completed,Oil Drain completed successfully
ENG021,2025-03-13,3M,Oil Filter Replacement,Omar L.,Completed,Oil Filter Replacement completed successfully
ENG021,2025-03-13,3M,Air Filter Check,Ahmed K.,Completed,Air Filter Check completed successfully
ENG021,2025-03-13,3M,General Inspection,Omar L.,Completed,General Inspection completed successfully
ENG021,2025-04-18,3M,Oil Drain,Ahmed K.,Completed,Oil Drain completed successfully
ENG021,2025-04-18,3M,Oil Filter Replacement,Youssef M.,Completed,Oil Filter Replacement completed successfully
ENG021,2025-04-18,3M,Air Filter Check,Hassan T.,Completed,Air Filter Check completed successfully
ENG021,2025-04-18,3M,General Inspection,Hassan T.,Completed,General Inspection completed successfully
ENG022,2024-11-14,3M,Oil Drain,Hassan T.,Completed,Oil Drain completed successfully
ENG022,2024-11-14,3M,Oil Filter Replacement,Hassan T.,Completed,Oil Filter Replacement completed successfully
ENG022,2024-11-14,3M,Air Filter Check,Hassan T.,Completed,Air Filter Check completed successfully
ENG022,2024-11-14,3M,General Inspection,Ahmed K.,Completed,General Inspection completed successfully
ENG022,2024-12-21,6M,Oil Drain,Youssef M.,Completed,Oil Drain completed successfully
ENG022,2024-12-21,6M,Oil Filter Replacement,Hassan T.,Completed,Oil Filter Replacement completed successfully
ENG022,2024-12-21,6M,Air Filter Replacement,Youssef M.,Completed,Air Filter Replacement completed successfully
ENG022,2024-12-21,6M,Fuel Filter Check,Rachid B.,Completed,Fuel Filter Check completed successfully
ENG022,2024-12-21,6M,Belt Inspection,Omar L.,Completed,Belt Inspection completed successfully
ENG022,2025-01-16,6M,Oil Drain,Omar L.,Completed,Oil Drain completed successfully
ENG022,2025-01-16,6M,Oil Filter Replacement,Omar L.,Completed,Oil Filter Replacement completed successfully
ENG022,2025-01-16,6M,Air Filter Replacement,Rachid B.,Completed,Air Filter Replacement completed successfully
ENG022,2025-01-16,6M,Fuel Filter Check,Hassan T.,Completed,Fuel Filter Check completed successfully
ENG022,2025-01-16,6M,Belt Inspection,Omar L.,Completed,Belt Inspection completed successfully
ENG022,2025-02-15,3M,Oil Drain,Rachid B.,Completed,Oil Drain completed successfully
ENG022,2025-02-15,3M,Oil Filter Replacement,Hassan T.,Completed,Oil Filter Replacement completed successfully
ENG022,2025-02-15,3M,Air Filter Check,Rachid B.,Completed,Air Filter Check completed successfully
ENG022,2025-02-15,3M,General Inspection,Rachid B.,Completed,General Inspection completed successfully
ENG022,2025-03-18,3M,Oil Drain,Youssef M.,Completed,Oil Drain completed successfully
ENG022,2025-03-18,3M,Oil Filter Replacement,Ahmed K.,Completed,Oil Filter Replacement completed successfully
ENG022,2025-03-18,3M,Air Filter Check,Youssef M.,Completed,Air Filter Check completed successfully
ENG022,2025-03-18,3M,General Inspection,Rachid B.,Completed,General Inspection completed successfully
ENG022,2025-04-20,3M,Oil Drain,Omar L.,Completed,Oil Drain completed successfully
ENG022,2025-04-20,3M,Oil Filter Replacement,Youssef M.,Completed,Oil Filter Replacement completed successfully
ENG022,2025-04-20,3M,Air Filter Check,Youssef M.,Completed,Air Filter Check completed successfully
ENG022,2025-04-20,3M,General Inspection,Youssef M.,Completed,General Inspection completed successfully
ENG023,2024-11-15,6M,Oil Drain,Omar L.,Completed,Oil Drain completed successfully
ENG023,2024-11-15,6M,Oil Filter Replacement,Omar L.,Completed,Oil Filter Replacement completed successfully
ENG023,2024-11-15,6M,Air Filter Replacement,Omar L.,Completed,Air Filter Replacement completed successfully
ENG023,2024-11-15,6M,Fuel Filter Check,Rachid B.,Completed,Fuel Filter Check completed successfully
ENG023,2024-11-15,6M,Belt Inspection,Ahmed K.,Completed,Belt Inspection completed successfully
ENG023,2024-12-19,6M,Oil Drain,Youssef M.,Completed,Oil Drain completed successfully
ENG023,2024-12-19,6M,Oil Filter Replacement,Rachid B.,Completed,Oil Filter Replacement completed successfully
ENG023,2024-12-19,6M,Air Filter Replacement,Youssef M.,Completed,Air Filter Replacement completed successfully
ENG023,2024-12-19,6M,Fuel Filter Check,Rachid B.,Completed,Fuel Filter Check completed successfully
ENG023,2024-12-19,6M,Belt Inspection,Ahmed K.,Completed,Belt Inspection completed successfully
ENG023,2025-01-13,3M,Oil Drain,Rachid B.,Completed,Oil Drain completed successfully
ENG023,2025-01-13,3M,Oil Filter Replacement,Ahmed K.,Completed,Oil Filter Replacement completed successfully
ENG023,2025-01-13,3M,Air Filter Check,Ahmed K.,Completed,Air Filter Check completed successfully
ENG023,2025-01-13,3M,General Inspection,Omar L.,Completed,General Inspection completed successfully
ENG023,2025-02-16,3M,Oil Drain,Youssef M.,Completed,Oil Drain completed successfully
ENG023,2025-02-16,3M,Oil Filter Replacement,Hassan T.,Completed,Oil Filter Replacement completed successfully
ENG023,2025-02-16,3M,Air Filter Check,Ahmed K.,Completed,Air Filter Check completed successfully
ENG023,2025-02-16,3M,General Inspection,Ahmed K.,Completed,General Inspection completed successfully
ENG023,2025-03-13,3M,Oil Drain,Rachid B.,Completed,Oil Drain completed successfully
ENG023,2025-03-13,3M,Oil Filter Replacement,Hassan T.,Completed,Oil Filter Replacement completed successfully
ENG023,2025-03-13,3M,Air Filter Check,Hassan T.,Completed,Air Filter Check completed successfully
ENG023,2025-03-13,3M,General Inspection,Hassan T.,Completed,General Inspection completed successfully
ENG023,2025-04-16,3M,Oil Drain,Youssef M.,Completed,Oil Drain completed successfully
ENG023,2025-04-16,3M,Oil Filter Replacement,Ahmed K.,Completed,Oil Filter Replacement completed successfully
ENG023,2025-04-16,3M,Air Filter Check,Rachid B.,Completed,Air Filter Check completed successfully
ENG023,2025-04-16,3M,General Inspection,Hassan T.,Completed,General Inspection completed successfully
ENG024,2024-11-21,3M,Oil Drain,Hassan T.,Completed,Oil Drain completed successfully
ENG024,2024-11-21,3M,Oil Filter Replacement,Hassan T.,Completed,Oil Filter Replacement completed successfully
ENG024,2024-11-21,3M,Air Filter Check,Ahmed K.,Completed,Air Filter Check completed successfully
ENG024,2024-11-21,3M,General Inspection,Omar L.,Completed,General Inspection completed successfully
ENG024,2024-12-12,3M,Oil Drain,Youssef M.,Completed,Oil Drain completed successfully
ENG024,2024-12-12,3M,Oil Filter Replacement,Youssef M.,Completed,Oil Filter Replacement completed successfully
ENG024,2024-12-12,3M,Air Filter Check,Omar L.,Completed,Air Filter Check completed successfully
ENG024,2024-12-12,3M,General Inspection,Rachid B.,Completed,General Inspection completed successfully
ENG024,2025-01-20,3M,Oil Drain,Ahmed K.,Completed,Oil Drain completed successfully
ENG024,2025-01-20,3M,Oil Filter Replacement,Omar L.,Completed,Oil Filter Replacement completed successfully
ENG024,2025-01-20,3M,Air Filter Check,Hassan T.,Completed,Air Filter Check completed successfully
ENG024,2025-01-20,3M,General Inspection,Omar L.,Completed,General Inspection completed successfully
ENG024,2025-02-11,3M,Oil Drain,Omar L.,Completed,Oil Drain completed successfully
ENG024,2025-02-11,3M,Oil Filter Replacement,Youssef M.,Completed,Oil Filter Replacement completed successfully
ENG024,2025-02-11,3M,Air Filter Check,Omar L.,Completed,Air Filter Check completed successfully
ENG024,2025-02-11,3M,General Inspection,Hassan T.,Completed,General Inspection completed successfully
ENG024,2025-03-15,3M,Oil Drain,Hassan T.,Completed,Oil Drain completed successfully
ENG024,2025-03-15,3M,Oil Filter Replacement,Rachid B.,Completed,Oil Filter Replacement completed successfully
ENG024,2025-03-15,3M,Air Filter Check,Omar L.,Completed,Air Filter Check completed successfully
ENG024,2025-03-15,3M,General Inspection,Hassan T.,Completed,General Inspection completed successfully
ENG024,2025-04-17,3M,Oil Drain,Omar L.,Completed,Oil Drain completed successfully
ENG024,2025-04-17,3M,Oil Filter Replacement,Omar L.,Completed,Oil Filter Replacement completed successfully
ENG024,2025-04-17,3M,Air Filter Check,Ahmed K.,Completed,Air Filter Check completed successfully
ENG024,2025-04-17,3M,General Inspection,Omar L.,Completed,General Inspection completed successfully
ENG025,2024-11-21,3M,Oil Drain,Youssef M.,Completed,Oil Drain completed successfully
ENG025,2024-11-21,3M,Oil Filter Replacement,Rachid B.,Completed,Oil Filter Replacement completed successfully
ENG025,2024-11-21,3M,Air Filter Check,Ahmed K.,Completed,Air Filter Check completed successfully
ENG025,2024-11-21,3M,General Inspection,Youssef M.,Completed,General Inspection completed successfully
ENG025,2024-12-19,3M,Oil Drain,Omar L.,Completed,Oil Drain completed successfully
ENG025,2024-12-19,3M,Oil Filter Replacement,Ahmed K.,Completed,Oil Filter Replacement completed successfully
ENG025,2024-12-19,3M,Air Filter Check,Youssef M.,Completed,Air Filter Check completed successfully
ENG025,2024-12-19,3M,General Inspection,Ahmed K.,Completed,General Inspection completed successfully
ENG025,2025-01-15,6M,Oil Drain,Omar L.,Completed,Oil Drain completed successfully
ENG025,2025-01-15,6M,Oil Filter Replacement,Hassan T.,Completed,Oil Filter Replacement completed successfully
ENG025,2025-01-15,6M,Air Filter Replacement,Rachid B.,Completed,Air Filter Replacement completed successfully
ENG025,2025-01-15,6M,Fuel Filter Check,Ahmed K.,Completed,Fuel Filter Check completed successfully
ENG025,2025-01-15,6M,Belt Inspection,Youssef M.,Completed,Belt Inspection completed successfully
ENG025,2025-02-16,3M,Oil Drain,Rachid B.,Completed,Oil Drain completed successfully
ENG025,2025-02-16,3M,Oil Filter Replacement,Hassan T.,Completed,Oil Filter Replacement completed successfully
ENG025,2025-02-16,3M,Air Filter Check,Ahmed K.,Completed,Air Filter Check completed successfully
ENG025,2025-02-16,3M,General Inspection,Youssef M.,Completed,General Inspection completed successfully
ENG025,2025-03-18,3M,Oil Drain,Omar L.,Completed,Oil Drain completed successfully
ENG025,2025-03-18,3M,Oil Filter Replacement,Youssef M.,Completed,Oil Filter Replacement completed successfully
ENG025,2025-03-18,3M,Air Filter Check,Hassan T.,Completed,Air Filter Check completed successfully
ENG025,2025-03-18,3M,General Inspection,Ahmed K.,Completed,General Inspection completed successfully
ENG025,2025-04-13,3M,Oil Drain,Youssef M.,Completed,Oil Drain completed successfully
ENG025,2025-04-13,3M,Oil Filter Replacement,Youssef M.,Completed,Oil Filter Replacement completed successfully
ENG025,2025-04-13,3M,Air Filter Check,Rachid B.,Completed,Air Filter Check completed successfully
ENG025,2025-04-13,3M,General Inspection,Youssef M.,Completed,General Inspection completed successfully
ENG026,2024-11-21,3M,Oil Drain,Youssef M.,Completed,Oil Drain completed successfully
ENG026,2024-11-21,3M,Oil Filter Replacement,Rachid B.,Completed,Oil Filter Replacement completed successfully
ENG026,2024-11-21,3M,Air Filter Check,Omar L.,Completed,Air Filter Check completed successfully
ENG026,2024-11-21,3M,General Inspection,Omar L.,Completed,General Inspection completed successfully
ENG026,2024-12-18,6M,Oil Drain,Ahmed K.,Completed,Oil Drain completed successfully
ENG026,2024-12-18,6M,Oil Filter Replacement,Hassan T.,Completed,Oil Filter Replacement completed successfully
ENG026,2024-12-18,6M,Air Filter Replacement,Rachid B.,Completed,Air Filter Replacement completed successfully
ENG026,2024-12-18,6M,Fuel Filter Check,Hassan T.,Completed,Fuel Filter Check completed successfully
ENG026,2024-12-18,6M,Belt Inspection,Rachid B.,Completed,Belt Inspection completed successfully
ENG026,2025-01-13,6M,Oil Drain,Hassan T.,Completed,Oil Drain completed successfully
ENG026,2025-01-13,6M,Oil Filter Replacement,Ahmed K.,Completed,Oil Filter Replacement completed successfully
ENG026,2025-01-13,6M,Air Filter Replacement,Omar L.,Completed,Air Filter Replacement completed successfully
ENG026,2025-01-13,6M,Fuel Filter Check,Ahmed K.,Completed,Fuel Filter Check completed successfully
ENG026,2025-01-13,6M,Belt Inspection,Hassan T.,Completed,Belt Inspection completed successfully
ENG026,2025-02-15,3M,Oil Drain,Omar L.,Completed,Oil Drain completed successfully
ENG026,2025-02-15,3M,Oil Filter Replacement,Rachid B.,Completed,Oil Filter Replacement completed successfully
ENG026,2025-02-15,3M,Air Filter Check,Ahmed K.,Completed,Air Filter Check completed successfully
ENG026,2025-02-15,3M,General Inspection,Ahmed K.,Completed,General Inspection completed successfully
ENG026,2025-03-19,3M,Oil Drain,Omar L.,Completed,Oil Drain completed successfully
ENG026,2025-03-19,3M,Oil Filter Replacement,Omar L.,Completed,Oil Filter Replacement completed successfully
ENG026,2025-03-19,3M,Air Filter Check,Ahmed K.,Completed,Air Filter Check completed successfully
ENG026,2025-03-19,3M,General Inspection,Rachid B.,Completed,General Inspection completed successfully
ENG026,2025-04-12,3M,Oil Drain,Ahmed K.,Completed,Oil Drain completed successfully
ENG026,2025-04-12,3M,Oil Filter Replacement,Youssef M.,Completed,Oil Filter Replacement completed successfully
ENG026,2025-04-12,3M,Air Filter Check,Hassan T.,Completed,Air Filter Check completed successfully
ENG026,2025-04-12,3M,General Inspection,Omar L.,Completed,General Inspection completed successfully
ENG027,2024-11-12,6M,Oil Drain,Rachid B.,Completed,Oil Drain completed successfully
ENG027,2024-11-12,6M,Oil Filter Replacement,Youssef M.,Completed,Oil Filter Replacement completed successfully
ENG027,2024-11-12,6M,Air Filter Replacement,Omar L.,Completed,Air Filter Replacement completed successfully
ENG027,2024-11-12,6M,Fuel Filter Check,Hassan T.,Completed,Fuel Filter Check completed successfully
ENG027,2024-11-12,6M,Belt Inspection,Hassan T.,Completed,Belt Inspection completed successfully
ENG027,2024-12-21,6M,Oil Drain,Rachid B.,Completed,Oil Drain completed successfully
ENG027,2024-12-21,6M,Oil Filter Replacement,Hassan T.,Completed,Oil Filter Replacement completed successfully
ENG027,2024-12-21,6M,Air Filter Replacement,Rachid B.,Completed,Air Filter Replacement completed successfully
ENG027,2024-12-21,6M,Fuel Filter Check,Rachid B.,Completed,Fuel Filter Check completed successfully
ENG027,2024-12-21,6M,Belt Inspection,Ahmed K.,Completed,Belt Inspection completed successfully
ENG027,2025-01-19,6M,Oil Drain,Hassan T.,Completed,Oil Drain completed successfully
ENG027,2025-01-19,6M,Oil Filter Replacement,Hassan T.,Completed,Oil Filter Replacement completed successfully
ENG027,2025-01-19,6M,Air Filter Replacement,Rachid B.,Completed,Air Filter Replacement completed successfully
ENG027,2025-01-19,6M,Fuel Filter Check,Hassan T.,Completed,Fuel Filter Check completed successfully
ENG027,2025-01-19,6M,Belt Inspection,Omar L.,Completed,Belt Inspection completed successfully
ENG027,2025-02-20,3M,Oil Drain,Hassan T.,Completed,Oil Drain completed successfully
ENG027,2025-02-20,3M,Oil Filter Replacement,Ahmed K.,Completed,Oil Filter Replacement completed successfully
ENG027,2025-02-20,3M,Air Filter Check,Rachid B.,Completed,Air Filter Check completed successfully
ENG027,2025-02-20,3M,General Inspection,Rachid B.,Completed,General Inspection completed successfully
ENG027,2025-03-17,3M,Oil Drain,Ahmed K.,Completed,Oil Drain completed successfully
ENG027,2025-03-17,3M,Oil Filter Replacement,Hassan T.,Completed,Oil Filter Replacement completed successfully
ENG027,2025-03-17,3M,Air Filter Check,Omar L.,Completed,Air Filter Check completed successfully
ENG027,2025-03-17,3M,General Inspection,Ahmed K.,Completed,General Inspection completed successfully
ENG027,2025-04-11,3M,Oil Drain,Omar L.,Completed,Oil Drain completed successfully
ENG027,2025-04-11,3M,Oil Filter Replacement,Hassan T.,Completed,Oil Filter Replacement completed successfully
ENG027,2025-04-11,3M,Air Filter Check,Hassan T.,Completed,Air Filter Check completed successfully
ENG027,2025-04-11,3M,General Inspection,Ahmed K.,Completed,General Inspection completed successfully
ENG028,2024-11-19,6M,Oil Drain,Omar L.,Completed,Oil Drain completed successfully
ENG028,2024-11-19,6M,Oil Filter Replacement,Hassan T.,Completed,Oil Filter Replacement completed successfully
ENG028,2024-11-19,6M,Air Filter Replacement,Hassan T.,Completed,Air Filter Replacement completed successfully
ENG028,2024-11-19,6M,Fuel Filter Check,Ahmed K.,Completed,Fuel Filter Check completed successfully
ENG028,2024-11-19,6M,Belt Inspection,Youssef M.,Completed,Belt Inspection completed successfully
ENG028,2024-12-18,3M,Oil Drain,Rachid B.,Completed,Oil Drain completed successfully
ENG028,2024-12-18,3M,Oil Filter Replacement,Hassan T.,Completed,Oil Filter Replacement completed successfully
ENG028,2024-12-18,3M,Air Filter Check,Hassan T.,Completed,Air Filter Check completed successfully
ENG028,2024-12-18,3M,General Inspection,Ahmed K.,Completed,General Inspection completed successfully
ENG028,2025-01-21,3M,Oil Drain,Youssef M.,Completed,Oil Drain completed successfully
ENG028,2025-01-21,3M,Oil Filter Replacement,Rachid B.,Completed,Oil Filter Replacement completed successfully
ENG028,2025-01-21,3M,Air Filter Check,Omar L.,Completed,Air Filter Check completed successfully
ENG028,2025-01-21,3M,General Inspection,Ahmed K.,Completed,General Inspection completed successfully
ENG028,2025-02-12,3M,Oil Drain,Hassan T.,Completed,Oil Drain completed successfully
ENG028,2025-02-12,3M,Oil Filter Replacement,Ahmed K.,Completed,Oil Filter Replacement completed successfully
ENG028,2025-02-12,3M,Air Filter Check,Youssef M.,Completed,Air Filter Check completed successfully
ENG028,2025-02-12,3M,General Inspection,Ahmed K.,Completed,General Inspection completed successfully
ENG028,2025-03-15,3M,Oil Drain,Ahmed K.,Completed,Oil Drain completed successfully
ENG028,2025-03-15,3M,Oil Filter Replacement,Youssef M.,Completed,Oil Filter Replacement completed successfully
ENG028,2025-03-15,3M,Air Filter Check,Hassan T.,Completed,Air Filter Check completed successfully
ENG028,2025-03-15,3M,General Inspection,Rachid B.,Completed,General Inspection completed successfully
ENG028,2025-04-13,3M,Oil Drain,Rachid B.,Completed,Oil Drain completed successfully
ENG028,2025-04-13,3M,Oil Filter Replacement,Hassan T.,Completed,Oil Filter Replacement completed successfully
ENG028,2025-04-13,3M,Air Filter Check,Hassan T.,Completed,Air Filter Check completed successfully
ENG028,2025-04-13,3M,General Inspection,Hassan T.,Completed,General Inspection completed successfully
ENG029,2024-11-19,6M,Oil Drain,Omar L.,Completed,Oil Drain completed successfully
ENG029,2024-11-19,6M,Oil Filter Replacement,Youssef M.,Completed,Oil Filter Replacement completed successfully
ENG029,2024-11-19,6M,Air Filter Replacement,Hassan T.,Completed,Air Filter Replacement completed successfully
ENG029,2024-11-19,6M,Fuel Filter Check,Youssef M.,Completed,Fuel Filter Check completed successfully
ENG029,2024-11-19,6M,Belt Inspection,Omar L.,Completed,Belt Inspection completed successfully
ENG029,2024-12-14,3M,Oil Drain,Ahmed K.,Completed,Oil Drain completed successfully
ENG029,2024-12-14,3M,Oil Filter Replacement,Rachid B.,Completed,Oil Filter Replacement completed successfully
ENG029,2024-12-14,3M,Air Filter Check,Hassan T.,Completed,Air Filter Check completed successfully
ENG029,2024-12-14,3M,General Inspection,Rachid B.,Completed,General Inspection completed successfully
ENG029,2025-01-13,6M,Oil Drain,Ahmed K.,Completed,Oil Drain completed successfully
ENG029,2025-01-13,6M,Oil Filter Replacement,Rachid B.,Completed,Oil Filter Replacement completed successfully
ENG029,2025-01-13,6M,Air Filter Replacement,Rachid B.,Completed,Air Filter Replacement completed successfully
ENG029,2025-01-13,6M,Fuel Filter Check,Omar L.,Completed,Fuel Filter Check completed successfully
ENG029,2025-01-13,6M,Belt Inspection,Omar L.,Completed,Belt Inspection completed successfully
ENG029,2025-02-10,3M,Oil Drain,Hassan T.,Completed,Oil Drain completed successfully
ENG029,2025-02-10,3M,Oil Filter Replacement,Youssef M.,Completed,Oil Filter Replacement completed successfully
ENG029,2025-02-10,3M,Air Filter Check,Hassan T.,Completed,Air Filter Check completed successfully
ENG029,2025-02-10,3M,General Inspection,Omar L.,Completed,General Inspection completed successfully
ENG029,2025-03-15,3M,Oil Drain,Rachid B.,Completed,Oil Drain completed successfully
ENG029,2025-03-15,3M,Oil Filter Replacement,Rachid B.,Completed,Oil Filter Replacement completed successfully
ENG029,2025-03-15,3M,Air Filter Check,Omar L.,Completed,Air Filter Check completed successfully
ENG029,2025-03-15,3M,General Inspection,Omar L.,Completed,General Inspection completed successfully
ENG029,2025-04-15,3M,Oil Drain,Hassan T.,Completed,Oil Drain completed successfully
ENG029,2025-04-15,3M,Oil Filter Replacement,Rachid B.,Completed,Oil Filter Replacement completed successfully
ENG029,2025-04-15,3M,Air Filter Check,Youssef M.,Completed,Air Filter Check completed successfully
ENG029,2025-04-15,3M,General Inspection,Youssef M.,Completed,General Inspection completed successfully
ENG030,2024-11-13,6M,Oil Drain,Youssef M.,Completed,Oil Drain completed successfully
ENG030,2024-11-13,6M,Oil Filter Replacement,Hassan T.,Completed,Oil Filter Replacement completed successfully
ENG030,2024-11-13,6M,Air Filter Replacement,Ahmed K.,Completed,Air Filter Replacement completed successfully
ENG030,2024-11-13,6M,Fuel Filter Check,Rachid B.,Completed,Fuel Filter Check completed successfully
ENG030,2024-11-13,6M,Belt Inspection,Hassan T.,Completed,Belt Inspection completed successfully
ENG030,2024-12-16,6M,Oil Drain,Youssef M.,Completed,Oil Drain completed successfully
ENG030,2024-12-16,6M,Oil Filter Replacement,Hassan T.,Completed,Oil Filter Replacement completed successfully
ENG030,2024-12-16,6M,Air Filter Replacement,Ahmed K.,Completed,Air Filter Replacement completed successfully
ENG030,2024-12-16,6M,Fuel Filter Check,Youssef M.,Completed,Fuel Filter Check completed successfully
ENG030,2024-12-16,6M,Belt Inspection,Omar L.,Completed,Belt Inspection completed successfully
ENG030,2025-01-12,6M,Oil Drain,Ahmed K.,Completed,Oil Drain completed successfully
ENG030,2025-01-12,6M,Oil Filter Replacement,Hassan T.,Completed,Oil Filter Replacement completed successfully
ENG030,2025-01-12,6M,Air Filter Replacement,Ahmed K.,Completed,Air Filter Replacement completed successfully
ENG030,2025-01-12,6M,Fuel Filter Check,Omar L.,Completed,Fuel Filter Check completed successfully
ENG030,2025-01-12,6M,Belt Inspection,Hassan T.,Completed,Belt Inspection completed successfully
ENG030,2025-02-20,3M,Oil Drain,Youssef M.,Completed,Oil Drain completed successfully
ENG030,2025-02-20,3M,Oil Filter Replacement,Hassan T.,Completed,Oil Filter Replacement completed successfully
ENG030,2025-02-20,3M,Air Filter Check,Youssef M.,Completed,Air Filter Check completed successfully
ENG030,2025-02-20,3M,General Inspection,Ahmed K.,Completed,General Inspection completed successfully
ENG030,2025-03-15,3M,Oil Drain,Rachid B.,Completed,Oil Drain completed successfully
ENG030,2025-03-15,3M,Oil Filter Replacement,Rachid B.,Completed,Oil Filter Replacement completed successfully
ENG030,2025-03-15,3M,Air Filter Check,Omar L.,Completed,Air Filter Check completed successfully
ENG030,2025-03-15,3M,General Inspection,Hassan T.,Completed,General Inspection completed successfully
ENG030,2025-04-11,3M,Oil Drain,Ahmed K.,Completed,Oil Drain completed successfully
ENG030,2025-04-11,3M,Oil Filter Replacement,Rachid B.,Completed,Oil Filter Replacement completed successfully
ENG030,2025-04-11,3M,Air Filter Check,Omar L.,Completed,Air Filter Check completed successfully
ENG030,2025-04-11,3M,General Inspection,Hassan T.,Completed,General Inspection completed successfully
ENG031,2024-11-17,6M,Oil Drain,Omar L.,Completed,Oil Drain completed successfully
ENG031,2024-11-17,6M,Oil Filter Replacement,Ahmed K.,Completed,Oil Filter Replacement completed successfully
ENG031,2024-11-17,6M,Air Filter Replacement,Omar L.,Completed,Air Filter Replacement completed successfully
ENG031,2024-11-17,6M,Fuel Filter Check,Ahmed K.,Completed,Fuel Filter Check completed successfully
ENG031,2024-11-17,6M,Belt Inspection,Youssef M.,Completed,Belt Inspection completed successfully
ENG031,2024-12-12,6M,Oil Drain,Youssef M.,Completed,Oil Drain completed successfully
ENG031,2024-12-12,6M,Oil Filter Replacement,Ahmed K.,Completed,Oil Filter Replacement completed successfully
ENG031,2024-12-12,6M,Air Filter Replacement,Hassan T.,Completed,Air Filter Replacement completed successfully
ENG031,2024-12-12,6M,Fuel Filter Check,Ahmed K.,Completed,Fuel Filter Check completed successfully
ENG031,2024-12-12,6M,Belt Inspection,Ahmed K.,Completed,Belt Inspection completed successfully
ENG031,2025-01-14,3M,Oil Drain,Rachid B.,Completed,Oil Drain completed successfully
ENG031,2025-01-14,3M,Oil Filter Replacement,Ahmed K.,Completed,Oil Filter Replacement completed successfully
ENG031,2025-01-14,3M,Air Filter Check,Ahmed K.,Completed,Air Filter Check completed successfully
ENG031,2025-01-14,3M,General Inspection,Rachid B.,Completed,General Inspection completed successfully
ENG031,2025-02-20,3M,Oil Drain,Rachid B.,Completed,Oil Drain completed successfully
ENG031,2025-02-20,3M,Oil Filter Replacement,Rachid B.,Completed,Oil Filter Replacement completed successfully
ENG031,2025-02-20,3M,Air Filter Check,Rachid B.,Completed,Air Filter Check completed successfully
ENG031,2025-02-20,3M,General Inspection,Hassan T.,Completed,General Inspection completed successfully
ENG031,2025-03-20,3M,Oil Drain,Youssef M.,Completed,Oil Drain completed successfully
ENG031,2025-03-20,3M,Oil Filter Replacement,Omar L.,Completed,Oil Filter Replacement completed successfully
ENG031,2025-03-20,3M,Air Filter Check,Hassan T.,Completed,Air Filter Check completed successfully
ENG031,2025-03-20,3M,General Inspection,Omar L.,Completed,General Inspection completed successfully
ENG031,2025-04-11,3M,Oil Drain,Youssef M.,Completed,Oil Drain completed successfully
ENG031,2025-04-11,3M,Oil Filter Replacement,Youssef M.,Completed,Oil Filter Replacement completed successfully
ENG031,2025-04-11,3M,Air Filter Check,Youssef M.,Completed,Air Filter Check completed successfully
ENG031,2025-04-11,3M,General Inspection,Ahmed K.,Completed,General Inspection completed successfully
ENG032,2024-11-13,6M,Oil Drain,Omar L.,Completed,Oil Drain completed successfully
ENG032,2024-11-13,6M,Oil Filter Replacement,Youssef M.,Completed,Oil Filter Replacement completed successfully
ENG032,2024-11-13,6M,Air Filter Replacement,Hassan T.,Completed,Air Filter Replacement completed successfully
ENG032,2024-11-13,6M,Fuel Filter Check,Omar L.,Completed,Fuel Filter Check completed successfully
ENG032,2024-11-13,6M,Belt Inspection,Youssef M.,Completed,Belt Inspection completed successfully
ENG032,2024-12-19,6M,Oil Drain,Rachid B.,Completed,Oil Drain completed successfully
ENG032,2024-12-19,6M,Oil Filter Replacement,Hassan T.,Completed,Oil Filter Replacement completed successfully
ENG032,2024-12-19,6M,Air Filter Replacement,Rachid B.,Completed,Air Filter Replacement completed successfully
ENG032,2024-12-19,6M,Fuel Filter Check,Ahmed K.,Completed,Fuel Filter Check completed successfully
ENG032,2024-12-19,6M,Belt Inspection,Hassan T.,Completed,Belt Inspection completed successfully
ENG032,2025-01-17,3M,Oil Drain,Ahmed K.,Completed,Oil Drain completed successfully
ENG032,2025-01-17,3M,Oil Filter Replacement,Hassan T.,Completed,Oil Filter Replacement completed successfully
ENG032,2025-01-17,3M,Air Filter Check,Rachid B.,Completed,Air Filter Check completed successfully
ENG032,2025-01-17,3M,General Inspection,Omar L.,Completed,General Inspection completed successfully
ENG032,2025-02-16,3M,Oil Drain,Hassan T.,Completed,Oil Drain completed successfully
ENG032,2025-02-16,3M,Oil Filter Replacement,Rachid B.,Completed,Oil Filter Replacement completed successfully
ENG032,2025-02-16,3M,Air Filter Check,Hassan T.,Completed,Air Filter Check completed successfully
ENG032,2025-02-16,3M,General Inspection,Rachid B.,Completed,General Inspection completed successfully
ENG032,2025-03-19,3M,Oil Drain,Hassan T.,Completed,Oil Drain completed successfully
ENG032,2025-03-19,3M,Oil Filter Replacement,Hassan T.,Completed,Oil Filter Replacement completed successfully
ENG032,2025-03-19,3M,Air Filter Check,Ahmed K.,Completed,Air Filter Check completed successfully
ENG032,2025-03-19,3M,General Inspection,Youssef M.,Completed,General Inspection completed successfully
ENG032,2025-04-15,3M,Oil Drain,Omar L.,Completed,Oil Drain completed successfully
ENG032,2025-04-15,3M,Oil Filter Replacement,Rachid B.,Completed,Oil Filter Replacement completed successfully
ENG032,2025-04-15,3M,Air Filter Check,Omar L.,Completed,Air Filter Check completed successfully
ENG032,2025-04-15,3M,General Inspection,Rachid B.,Completed,General Inspection completed successfully
ENG033,2024-11-18,3M,Oil Drain,Hassan T.,Completed,Oil Drain completed successfully
ENG033,2024-11-18,3M,Oil Filter Replacement,Rachid B.,Completed,Oil Filter Replacement completed successfully
ENG033,2024-11-18,3M,Air Filter Check,Ahmed K.,Completed,Air Filter Check completed successfully
ENG033,2024-11-18,3M,General Inspection,Omar L.,Completed,General Inspection completed successfully
ENG033,2024-12-12,3M,Oil Drain,Omar L.,Completed,Oil Drain completed successfully
ENG033,2024-12-12,3M,Oil Filter Replacement,Hassan T.,Completed,Oil Filter Replacement completed successfully
ENG033,2024-12-12,3M,Air Filter Check,Rachid B.,Completed,Air Filter Check completed successfully
ENG033,2024-12-12,3M,General Inspection,Youssef M.,Completed,General Inspection completed successfully
ENG033,2025-01-12,6M,Oil Drain,Youssef M.,Completed,Oil Drain completed successfully
ENG033,2025-01-12,6M,Oil Filter Replacement,Youssef M.,Completed,Oil Filter Replacement completed successfully
ENG033,2025-01-12,6M,Air Filter Replacement,Omar L.,Completed,Air Filter Replacement completed successfully
ENG033,2025-01-12,6M,Fuel Filter Check,Rachid B.,Completed,Fuel Filter Check completed successfully
ENG033,2025-01-12,6M,Belt Inspection,Youssef M.,Completed,Belt Inspection completed successfully
ENG033,2025-02-10,3M,Oil Drain,Ahmed K.,Completed,Oil Drain completed successfully
ENG033,2025-02-10,3M,Oil Filter Replacement,Ahmed K.,Completed,Oil Filter Replacement completed successfully
ENG033,2025-02-10,3M,Air Filter Check,Rachid B.,Completed,Air Filter Check completed successfully
ENG033,2025-02-10,3M,General Inspection,Hassan T.,Completed,General Inspection completed successfully
ENG033,2025-03-22,3M,Oil Drain,Omar L.,Completed,Oil Drain completed successfully
ENG033,2025-03-22,3M,Oil Filter Replacement,Rachid B.,Completed,Oil Filter Replacement completed successfully
ENG033,2025-03-22,3M,Air Filter Check,Youssef M.,Completed,Air Filter Check completed successfully
ENG033,2025-03-22,3M,General Inspection,Ahmed K.,Completed,General Inspection completed successfully
ENG033,2025-04-17,3M,Oil Drain,Rachid B.,Completed,Oil Drain completed successfully
ENG033,2025-04-17,3M,Oil Filter Replacement,Hassan T.,Completed,Oil Filter Replacement completed successfully
ENG033,2025-04-17,3M,Air Filter Check,Youssef M.,Completed,Air Filter Check completed successfully
ENG033,2025-04-17,3M,General Inspection,Youssef M.,Completed,General Inspection completed successfully
ENG034,2024-11-20,6M,Oil Drain,Omar L.,Completed,Oil Drain completed successfully
ENG034,2024-11-20,6M,Oil Filter Replacement,Omar L.,Completed,Oil Filter Replacement completed successfully
ENG034,2024-11-20,6M,Air Filter Replacement,Rachid B.,Completed,Air Filter Replacement completed successfully
ENG034,2024-11-20,6M,Fuel Filter Check,Youssef M.,Completed,Fuel Filter Check completed successfully
ENG034,2024-11-20,6M,Belt Inspection,Rachid B.,Completed,Belt Inspection completed successfully
ENG034,2024-12-15,6M,Oil Drain,Rachid B.,Completed,Oil Drain completed successfully
ENG034,2024-12-15,6M,Oil Filter Replacement,Ahmed K.,Completed,Oil Filter Replacement completed successfully
ENG034,2024-12-15,6M,Air Filter Replacement,Hassan T.,Completed,Air Filter Replacement completed successfully
ENG034,2024-12-15,6M,Fuel Filter Check,Ahmed K.,Completed,Fuel Filter Check completed successfully
ENG034,2024-12-15,6M,Belt Inspection,Youssef M.,Completed,Belt Inspection completed successfully
ENG034,2025-01-18,6M,Oil Drain,Omar L.,Completed,Oil Drain completed successfully
ENG034,2025-01-18,6M,Oil Filter Replacement,Rachid B.,Completed,Oil Filter Replacement completed successfully
ENG034,2025-01-18,6M,Air Filter Replacement,Ahmed K.,Completed,Air Filter Replacement completed successfully
ENG034,2025-01-18,6M,Fuel Filter Check,Hassan T.,Completed,Fuel Filter Check completed successfully
ENG034,2025-01-18,6M,Belt Inspection,Ahmed K.,Completed,Belt Inspection completed successfully
ENG034,2025-02-16,3M,Oil Drain,Omar L.,Completed,Oil Drain completed successfully
ENG034,2025-02-16,3M,Oil Filter Replacement,Ahmed K.,Completed,Oil Filter Replacement completed successfully
ENG034,2025-02-16,3M,Air Filter Check,Hassan T.,Completed,Air Filter Check completed successfully
ENG034,2025-02-16,3M,General Inspection,Rachid B.,Completed,General Inspection completed successfully
ENG034,2025-03-12,3M,Oil Drain,Rachid B.,Completed,Oil Drain completed successfully
ENG034,2025-03-12,3M,Oil Filter Replacement,Omar L.,Completed,Oil Filter Replacement completed successfully
ENG034,2025-03-12,3M,Air Filter Check,Hassan T.,Completed,Air Filter Check completed successfully
ENG034,2025-03-12,3M,General Inspection,Rachid B.,Completed,General Inspection completed successfully
ENG034,2025-04-20,3M,Oil Drain,Youssef M.,Completed,Oil Drain completed successfully
ENG034,2025-04-20,3M,Oil Filter Replacement,Hassan T.,Completed,Oil Filter Replacement completed successfully
ENG034,2025-04-20,3M,Air Filter Check,Ahmed K.,Completed,Air Filter Check completed successfully
ENG034,2025-04-20,3M,General Inspection,Omar L.,Completed,General Inspection completed successfully
ENG035,2024-11-14,6M,Oil Drain,Omar L.,Completed,Oil Drain completed successfully
ENG035,2024-11-14,6M,Oil Filter Replacement,Youssef M.,Completed,Oil Filter Replacement completed successfully
ENG035,2024-11-14,6M,Air Filter Replacement,Ahmed K.,Completed,Air Filter Replacement completed successfully
ENG035,2024-11-14,6M,Fuel Filter Check,Hassan T.,Completed,Fuel Filter Check completed successfully
ENG035,2024-11-14,6M,Belt Inspection,Rachid B.,Completed,Belt Inspection completed successfully
ENG035,2024-12-12,6M,Oil Drain,Ahmed K.,Completed,Oil Drain completed successfully
ENG035,2024-12-12,6M,Oil Filter Replacement,Youssef M.,Completed,Oil Filter Replacement completed successfully
ENG035,2024-12-12,6M,Air Filter Replacement,Ahmed K.,Completed,Air Filter Replacement completed successfully
ENG035,2024-12-12,6M,Fuel Filter Check,Ahmed K.,Completed,Fuel Filter Check completed successfully
ENG035,2024-12-12,6M,Belt Inspection,Rachid B.,Completed,Belt Inspection completed successfully
ENG035,2025-01-14,3M,Oil Drain,Ahmed K.,Completed,Oil Drain completed successfully
ENG035,2025-01-14,3M,Oil Filter Replacement,Youssef M.,Completed,Oil Filter Replacement completed successfully
ENG035,2025-01-14,3M,Air Filter Check,Omar L.,Completed,Air Filter Check completed successfully
ENG035,2025-01-14,3M,General Inspection,Youssef M.,Completed,General Inspection completed successfully
ENG035,2025-02-14,3M,Oil Drain,Hassan T.,Completed,Oil Drain completed successfully
ENG035,2025-02-14,3M,Oil Filter Replacement,Rachid B.,Completed,Oil Filter Replacement completed successfully
ENG035,2025-02-14,3M,Air Filter Check,Omar L.,Completed,Air Filter Check completed successfully
ENG035,2025-02-14,3M,General Inspection,Hassan T.,Completed,General Inspection completed successfully
ENG035,2025-03-13,3M,Oil Drain,Youssef M.,Completed,Oil Drain completed successfully
ENG035,2025-03-13,3M,Oil Filter Replacement,Hassan T.,Completed,Oil Filter Replacement completed successfully
ENG035,2025-03-13,3M,Air Filter Check,Ahmed K.,Completed,Air Filter Check completed successfully
ENG035,2025-03-13,3M,General Inspection,Hassan T.,Completed,General Inspection completed successfully
ENG035,2025-04-12,3M,Oil Drain,Hassan T.,Completed,Oil Drain completed successfully
ENG035,2025-04-12,3M,Oil Filter Replacement,Rachid B.,Completed,Oil Filter Replacement completed successfully
ENG035,2025-04-12,3M,Air Filter Check,Ahmed K.,Completed,Air Filter Check completed successfully
ENG035,2025-04-12,3M,General Inspection,Rachid B.,Completed,General Inspection completed successfully
ENG036,2024-11-19,6M,Oil Drain,Hassan T.,Completed,Oil Drain completed successfully
ENG036,2024-11-19,6M,Oil Filter Replacement,Youssef M.,Completed,Oil Filter Replacement completed successfully
ENG036,2024-11-19,6M,Air Filter Replacement,Rachid B.,Completed,Air Filter Replacement completed successfully
ENG036,2024-11-19,6M,Fuel Filter Check,Ahmed K.,Completed,Fuel Filter Check completed successfully
ENG036,2024-11-19,6M,Belt Inspection,Rachid B.,Completed,Belt Inspection completed successfully
ENG036,2024-12-14,6M,Oil Drain,Ahmed K.,Completed,Oil Drain completed successfully
ENG036,2024-12-14,6M,Oil Filter Replacement,Hassan T.,Completed,Oil Filter Replacement completed successfully
ENG036,2024-12-14,6M,Air Filter Replacement,Rachid B.,Completed,Air Filter Replacement completed successfully
ENG036,2024-12-14,6M,Fuel Filter Check,Youssef M.,Completed,Fuel Filter Check completed successfully
ENG036,2024-12-14,6M,Belt Inspection,Ahmed K.,Completed,Belt Inspection completed successfully
ENG036,2025-01-14,3M,Oil Drain,Youssef M.,Completed,Oil Drain completed successfully
ENG036,2025-01-14,3M,Oil Filter Replacement,Omar L.,Completed,Oil Filter Replacement completed successfully
ENG036,2025-01-14,3M,Air Filter Check,Ahmed K.,Completed,Air Filter Check completed successfully
ENG036,2025-01-14,3M,General Inspection,Ahmed K.,Completed,General Inspection completed successfully
ENG036,2025-02-15,3M,Oil Drain,Youssef M.,Completed,Oil Drain completed successfully
ENG036,2025-02-15,3M,Oil Filter Replacement,Youssef M.,Completed,Oil Filter Replacement completed successfully
ENG036,2025-02-15,3M,Air Filter Check,Omar L.,Completed,Air Filter Check completed successfully
ENG036,2025-02-15,3M,General Inspection,Youssef M.,Completed,General Inspection completed successfully
ENG036,2025-03-21,3M,Oil Drain,Omar L.,Completed,Oil Drain completed successfully
ENG036,2025-03-21,3M,Oil Filter Replacement,Youssef M.,Completed,Oil Filter Replacement completed successfully
ENG036,2025-03-21,3M,Air Filter Check,Omar L.,Completed,Air Filter Check completed successfully
ENG036,2025-03-21,3M,General Inspection,Youssef M.,Completed,General Inspection completed successfully
ENG036,2025-04-18,3M,Oil Drain,Rachid B.,Completed,Oil Drain completed successfully
ENG036,2025-04-18,3M,Oil Filter Replacement,Youssef M.,Completed,Oil Filter Replacement completed successfully
ENG036,2025-04-18,3M,Air Filter Check,Omar L.,Completed,Air Filter Check completed successfully
ENG036,2025-04-18,3M,General Inspection,Ahmed K.,Completed,General Inspection completed successfully
ENG037,2024-11-18,3M,Oil Drain,Youssef M.,Completed,Oil Drain completed successfully
ENG037,2024-11-18,3M,Oil Filter Replacement,Omar L.,Completed,Oil Filter Replacement completed successfully
ENG037,2024-11-18,3M,Air Filter Check,Rachid B.,Completed,Air Filter Check completed successfully
ENG037,2024-11-18,3M,General Inspection,Youssef M.,Completed,General Inspection completed successfully
ENG037,2024-12-21,3M,Oil Drain,Youssef M.,Completed,Oil Drain completed successfully
ENG037,2024-12-21,3M,Oil Filter Replacement,Ahmed K.,Completed,Oil Filter Replacement completed successfully
ENG037,2024-12-21,3M,Air Filter Check,Rachid B.,Completed,Air Filter Check completed successfully
ENG037,2024-12-21,3M,General Inspection,Youssef M.,Completed,General Inspection completed successfully
ENG037,2025-01-12,6M,Oil Drain,Ahmed K.,Completed,Oil Drain completed successfully
ENG037,2025-01-12,6M,Oil Filter Replacement,Youssef M.,Completed,Oil Filter Replacement completed successfully
ENG037,2025-01-12,6M,Air Filter Replacement,Rachid B.,Completed,Air Filter Replacement completed successfully
ENG037,2025-01-12,6M,Fuel Filter Check,Ahmed K.,Completed,Fuel Filter Check completed successfully
ENG037,2025-01-12,6M,Belt Inspection,Youssef M.,Completed,Belt Inspection completed successfully
ENG037,2025-02-14,3M,Oil Drain,Omar L.,Completed,Oil Drain completed successfully
ENG037,2025-02-14,3M,Oil Filter Replacement,Ahmed K.,Completed,Oil Filter Replacement completed successfully
ENG037,2025-02-14,3M,Air Filter Check,Ahmed K.,Completed,Air Filter Check completed successfully
ENG037,2025-02-14,3M,General Inspection,Hassan T.,Completed,General Inspection completed successfully
ENG037,2025-03-15,3M,Oil Drain,Rachid B.,Completed,Oil Drain completed successfully
ENG037,2025-03-15,3M,Oil Filter Replacement,Omar L.,Completed,Oil Filter Replacement completed successfully
ENG037,2025-03-15,3M,Air Filter Check,Omar L.,Completed,Air Filter Check completed successfully
ENG037,2025-03-15,3M,General Inspection,Ahmed K.,Completed,General Inspection completed successfully
ENG037,2025-04-14,3M,Oil Drain,Omar L.,Completed,Oil Drain completed successfully
ENG037,2025-04-14,3M,Oil Filter Replacement,Youssef M.,Completed,Oil Filter Replacement completed successfully
ENG037,2025-04-14,3M,Air Filter Check,Omar L.,Completed,Air Filter Check completed successfully
ENG037,2025-04-14,3M,General Inspection,Ahmed K.,Completed,General Inspection completed successfully
ENG038,2024-11-12,6M,Oil Drain,Hassan T.,Completed,Oil Drain completed successfully
ENG038,2024-11-12,6M,Oil Filter Replacement,Ahmed K.,Completed,Oil Filter Replacement completed successfully
ENG038,2024-11-12,6M,Air Filter Replacement,Ahmed K.,Completed,Air Filter Replacement completed successfully
ENG038,2024-11-12,6M,Fuel Filter Check,Hassan T.,Completed,Fuel Filter Check completed successfully
ENG038,2024-11-12,6M,Belt Inspection,Hassan T.,Completed,Belt Inspection completed successfully
ENG038,2024-12-16,3M,Oil Drain,Hassan T.,Completed,Oil Drain completed successfully
ENG038,2024-12-16,3M,Oil Filter Replacement,Hassan T.,Completed,Oil Filter Replacement completed successfully
ENG038,2024-12-16,3M,Air Filter Check,Ahmed K.,Completed,Air Filter Check completed successfully
ENG038,2024-12-16,3M,General Inspection,Ahmed K.,Completed,General Inspection completed successfully
ENG038,2025-01-16,3M,Oil Drain,Ahmed K.,Completed,Oil Drain completed successfully
ENG038,2025-01-16,3M,Oil Filter Replacement,Youssef M.,Completed,Oil Filter Replacement completed successfully
ENG038,2025-01-16,3M,Air Filter Check,Rachid B.,Completed,Air Filter Check completed successfully
ENG038,2025-01-16,3M,General Inspection,Omar L.,Completed,General Inspection completed successfully
ENG038,2025-02-10,3M,Oil Drain,Omar L.,Completed,Oil Drain completed successfully
ENG038,2025-02-10,3M,Oil Filter Replacement,Omar L.,Completed,Oil Filter Replacement completed successfully
ENG038,2025-02-10,3M,Air Filter Check,Rachid B.,Completed,Air Filter Check completed successfully
ENG038,2025-02-10,3M,General Inspection,Hassan T.,Completed,General Inspection completed successfully
ENG038,2025-03-13,3M,Oil Drain,Omar L.,Completed,Oil Drain completed successfully
ENG038,2025-03-13,3M,Oil Filter Replacement,Rachid B.,Completed,Oil Filter Replacement completed successfully
ENG038,2025-03-13,3M,Air Filter Check,Hassan T.,Completed,Air Filter Check completed successfully
ENG038,2025-03-13,3M,General Inspection,Omar L.,Completed,General Inspection completed successfully
ENG038,2025-04-12,3M,Oil Drain,Hassan T.,Completed,Oil Drain completed successfully
ENG038,2025-04-12,3M,Oil Filter Replacement,Ahmed K.,Completed,Oil Filter Replacement completed successfully
ENG038,2025-04-12,3M,Air Filter Check,Ahmed K.,Completed,Air Filter Check completed successfully
ENG038,2025-04-12,3M,General Inspection,Omar L.,Completed,General Inspection completed successfully
ENG039,2024-11-19,6M,Oil Drain,Hassan T.,Completed,Oil Drain completed successfully
ENG039,2024-11-19,6M,Oil Filter Replacement,Youssef M.,Completed,Oil Filter Replacement completed successfully
ENG039,2024-11-19,6M,Air Filter Replacement,Hassan T.,Completed,Air Filter Replacement completed successfully
ENG039,2024-11-19,6M,Fuel Filter Check,Rachid B.,Completed,Fuel Filter Check completed successfully
ENG039,2024-11-19,6M,Belt Inspection,Hassan T.,Completed,Belt Inspection completed successfully
ENG039,2024-12-16,6M,Oil Drain,Ahmed K.,Completed,Oil Drain completed successfully
ENG039,2024-12-16,6M,Oil Filter Replacement,Rachid B.,Completed,Oil Filter Replacement completed successfully
ENG039,2024-12-16,6M,Air Filter Replacement,Hassan T.,Completed,Air Filter Replacement completed successfully
ENG039,2024-12-16,6M,Fuel Filter Check,Rachid B.,Completed,Fuel Filter Check completed successfully
ENG039,2024-12-16,6M,Belt Inspection,Rachid B.,Completed,Belt Inspection completed successfully
ENG039,2025-01-16,3M,Oil Drain,Hassan T.,Completed,Oil Drain completed successfully
ENG039,2025-01-16,3M,Oil Filter Replacement,Ahmed K.,Completed,Oil Filter Replacement completed successfully
ENG039,2025-01-16,3M,Air Filter Check,Ahmed K.,Completed,Air Filter Check completed successfully
ENG039,2025-01-16,3M,General Inspection,Ahmed K.,Completed,General Inspection completed successfully
ENG039,2025-02-19,3M,Oil Drain,Hassan T.,Completed,Oil Drain completed successfully
ENG039,2025-02-19,3M,Oil Filter Replacement,Ahmed K.,Completed,Oil Filter Replacement completed successfully
ENG039,2025-02-19,3M,Air Filter Check,Rachid B.,Completed,Air Filter Check completed successfully
ENG039,2025-02-19,3M,General Inspection,Youssef M.,Completed,General Inspection completed successfully
ENG039,2025-03-14,3M,Oil Drain,Ahmed K.,Completed,Oil Drain completed successfully
ENG039,2025-03-14,3M,Oil Filter Replacement,Omar L.,Completed,Oil Filter Replacement completed successfully
ENG039,2025-03-14,3M,Air Filter Check,Omar L.,Completed,Air Filter Check completed successfully
ENG039,2025-03-14,3M,General Inspection,Omar L.,Completed,General Inspection completed successfully
ENG039,2025-04-16,3M,Oil Drain,Ahmed K.,Completed,Oil Drain completed successfully
ENG039,2025-04-16,3M,Oil Filter Replacement,Hassan T.,Completed,Oil Filter Replacement completed successfully
ENG039,2025-04-16,3M,Air Filter Check,Rachid B.,Completed,Air Filter Check completed successfully
ENG039,2025-04-16,3M,General Inspection,Hassan T.,Completed,General Inspection completed successfully
ENG040,2024-11-22,6M,Oil Drain,Omar L.,Completed,Oil Drain completed successfully
ENG040,2024-11-22,6M,Oil Filter Replacement,Rachid B.,Completed,Oil Filter Replacement completed successfully
ENG040,2024-11-22,6M,Air Filter Replacement,Rachid B.,Completed,Air Filter Replacement completed successfully
ENG040,2024-11-22,6M,Fuel Filter Check,Ahmed K.,Completed,Fuel Filter Check completed successfully
ENG040,2024-11-22,6M,Belt Inspection,Omar L.,Completed,Belt Inspection completed successfully
ENG040,2024-12-14,3M,Oil Drain,Youssef M.,Completed,Oil Drain completed successfully
ENG040,2024-12-14,3M,Oil Filter Replacement,Hassan T.,Completed,Oil Filter Replacement completed successfully
ENG040,2024-12-14,3M,Air Filter Check,Youssef M.,Completed,Air Filter Check completed successfully
ENG040,2024-12-14,3M,General Inspection,Ahmed K.,Completed,General Inspection completed successfully
ENG040,2025-01-16,6M,Oil Drain,Ahmed K.,Completed,Oil Drain completed successfully
ENG040,2025-01-16,6M,Oil Filter Replacement,Rachid B.,Completed,Oil Filter Replacement completed successfully
ENG040,2025-01-16,6M,Air Filter Replacement,Omar L.,Completed,Air Filter Replacement completed successfully
ENG040,2025-01-16,6M,Fuel Filter Check,Youssef M.,Completed,Fuel Filter Check completed successfully
ENG040,2025-01-16,6M,Belt Inspection,Hassan T.,Completed,Belt Inspection completed successfully
ENG040,2025-02-12,3M,Oil Drain,Omar L.,Completed,Oil Drain completed successfully
ENG040,2025-02-12,3M,Oil Filter Replacement,Omar L.,Completed,Oil Filter Replacement completed successfully
ENG040,2025-02-12,3M,Air Filter Check,Omar L.,Completed,Air Filter Check completed successfully
ENG040,2025-02-12,3M,General Inspection,Ahmed K.,Completed,General Inspection completed successfully
ENG040,2025-03-13,3M,Oil Drain,Rachid B.,Completed,Oil Drain completed successfully
ENG040,2025-03-13,3M,Oil Filter Replacement,Ahmed K.,Completed,Oil Filter Replacement completed successfully
ENG040,2025-03-13,3M,Air Filter Check,Youssef M.,Completed,Air Filter Check completed successfully
ENG040,2025-03-13,3M,General Inspection,Rachid B.,Completed,General Inspection completed successfully
ENG040,2025-04-17,3M,Oil Drain,Rachid B.,Completed,Oil Drain completed successfully
ENG040,2025-04-17,3M,Oil Filter Replacement,Rachid B.,Completed,Oil Filter Replacement completed successfully
ENG040,2025-04-17,3M,Air Filter Check,Ahmed K.,Completed,Air Filter Check completed successfully
ENG040,2025-04-17,3M,General Inspection,Youssef M.,Completed,General Inspection completed successfully
ENG041,2024-11-20,6M,Oil Drain,Ahmed K.,Completed,Oil Drain completed successfully
ENG041,2024-11-20,6M,Oil Filter Replacement,Youssef M.,Completed,Oil Filter Replacement completed successfully
ENG041,2024-11-20,6M,Air Filter Replacement,Ahmed K.,Completed,Air Filter Replacement completed successfully
ENG041,2024-11-20,6M,Fuel Filter Check,Ahmed K.,Completed,Fuel Filter Check completed successfully
ENG041,2024-11-20,6M,Belt Inspection,Omar L.,Completed,Belt Inspection completed successfully
ENG041,2024-12-19,6M,Oil Drain,Hassan T.,Completed,Oil Drain completed successfully
ENG041,2024-12-19,6M,Oil Filter Replacement,Hassan T.,Completed,Oil Filter Replacement completed successfully
ENG041,2024-12-19,6M,Air Filter Replacement,Rachid B.,Completed,Air Filter Replacement completed successfully
ENG041,2024-12-19,6M,Fuel Filter Check,Youssef M.,Completed,Fuel Filter Check completed successfully
ENG041,2024-12-19,6M,Belt Inspection,Rachid B.,Completed,Belt Inspection completed successfully
ENG041,2025-01-17,6M,Oil Drain,Omar L.,Completed,Oil Drain completed successfully
ENG041,2025-01-17,6M,Oil Filter Replacement,Omar L.,Completed,Oil Filter Replacement completed successfully
ENG041,2025-01-17,6M,Air Filter Replacement,Ahmed K.,Completed,Air Filter Replacement completed successfully
ENG041,2025-01-17,6M,Fuel Filter Check,Ahmed K.,Completed,Fuel Filter Check completed successfully
ENG041,2025-01-17,6M,Belt Inspection,Youssef M.,Completed,Belt Inspection completed successfully
ENG041,2025-02-18,3M,Oil Drain,Omar L.,Completed,Oil Drain completed successfully
ENG041,2025-02-18,3M,Oil Filter Replacement,Ahmed K.,Completed,Oil Filter Replacement completed successfully
ENG041,2025-02-18,3M,Air Filter Check,Ahmed K.,Completed,Air Filter Check completed successfully
ENG041,2025-02-18,3M,General Inspection,Rachid B.,Completed,General Inspection completed successfully
ENG041,2025-03-15,3M,Oil Drain,Hassan T.,Completed,Oil Drain completed successfully
ENG041,2025-03-15,3M,Oil Filter Replacement,Hassan T.,Completed,Oil Filter Replacement completed successfully
ENG041,2025-03-15,3M,Air Filter Check,Omar L.,Completed,Air Filter Check completed successfully
ENG041,2025-03-15,3M,General Inspection,Hassan T.,Completed,General Inspection completed successfully
ENG041,2025-04-15,3M,Oil Drain,Rachid B.,Completed,Oil Drain completed successfully
ENG041,2025-04-15,3M,Oil Filter Replacement,Youssef M.,Completed,Oil Filter Replacement completed successfully
ENG041,2025-04-15,3M,Air Filter Check,Omar L.,Completed,Air Filter Check completed successfully
ENG041,2025-04-15,3M,General Inspection,Ahmed K.,Completed,General Inspection completed successfully
ENG042,2024-11-17,6M,Oil Drain,Ahmed K.,Completed,Oil Drain completed successfully
ENG042,2024-11-17,6M,Oil Filter Replacement,Rachid B.,Completed,Oil Filter Replacement completed successfully
ENG042,2024-11-17,6M,Air Filter Replacement,Omar L.,Completed,Air Filter Replacement completed successfully
ENG042,2024-11-17,6M,Fuel Filter Check,Hassan T.,Completed,Fuel Filter Check completed successfully
ENG042,2024-11-17,6M,Belt Inspection,Omar L.,Completed,Belt Inspection completed successfully
ENG042,2024-12-12,6M,Oil Drain,Ahmed K.,Completed,Oil Drain completed successfully
ENG042,2024-12-12,6M,Oil Filter Replacement,Youssef M.,Completed,Oil Filter Replacement completed successfully
ENG042,2024-12-12,6M,Air Filter Replacement,Hassan T.,Completed,Air Filter Replacement completed successfully
ENG042,2024-12-12,6M,Fuel Filter Check,Omar L.,Completed,Fuel Filter Check completed successfully
ENG042,2024-12-12,6M,Belt Inspection,Ahmed K.,Completed,Belt Inspection completed successfully
ENG042,2025-01-21,3M,Oil Drain,Rachid B.,Completed,Oil Drain completed successfully
ENG042,2025-01-21,3M,Oil Filter Replacement,Youssef M.,Completed,Oil Filter Replacement completed successfully
ENG042,2025-01-21,3M,Air Filter Check,Youssef M.,Completed,Air Filter Check completed successfully
ENG042,2025-01-21,3M,General Inspection,Rachid B.,Completed,General Inspection completed successfully
ENG042,2025-02-16,3M,Oil Drain,Rachid B.,Completed,Oil Drain completed successfully
ENG042,2025-02-16,3M,Oil Filter Replacement,Ahmed K.,Completed,Oil Filter Replacement completed successfully
ENG042,2025-02-16,3M,Air Filter Check,Ahmed K.,Completed,Air Filter Check completed successfully
ENG042,2025-02-16,3M,General Inspection,Hassan T.,Completed,General Inspection completed successfully
ENG042,2025-03-16,3M,Oil Drain,Youssef M.,Completed,Oil Drain completed successfully
ENG042,2025-03-16,3M,Oil Filter Replacement,Youssef M.,Completed,Oil Filter Replacement completed successfully
ENG042,2025-03-16,3M,Air Filter Check,Hassan T.,Completed,Air Filter Check completed successfully
ENG042,2025-03-16,3M,General Inspection,Omar L.,Completed,General Inspection completed successfully
ENG042,2025-04-18,3M,Oil Drain,Omar L.,Completed,Oil Drain completed successfully
ENG042,2025-04-18,3M,Oil Filter Replacement,Omar L.,Completed,Oil Filter Replacement completed successfully
ENG042,2025-04-18,3M,Air Filter Check,Rachid B.,Completed,Air Filter Check completed successfully
ENG042,2025-04-18,3M,General Inspection,Ahmed K.,Completed,General Inspection completed successfully
ENG043,2024-11-16,3M,Oil Drain,Hassan T.,Completed,Oil Drain completed successfully
ENG043,2024-11-16,3M,Oil Filter Replacement,Ahmed K.,Completed,Oil Filter Replacement completed successfully
ENG043,2024-11-16,3M,Air Filter Check,Hassan T.,Completed,Air Filter Check completed successfully
ENG043,2024-11-16,3M,General Inspection,Ahmed K.,Completed,General Inspection completed successfully
ENG043,2024-12-17,6M,Oil Drain,Omar L.,Completed,Oil Drain completed successfully
ENG043,2024-12-17,6M,Oil Filter Replacement,Hassan T.,Completed,Oil Filter Replacement completed successfully
ENG043,2024-12-17,6M,Air Filter Replacement,Hassan T.,Completed,Air Filter Replacement completed successfully
ENG043,2024-12-17,6M,Fuel Filter Check,Rachid B.,Completed,Fuel Filter Check completed successfully
ENG043,2024-12-17,6M,Belt Inspection,Ahmed K.,Completed,Belt Inspection completed successfully
ENG043,2025-01-15,3M,Oil Drain,Rachid B.,Completed,Oil Drain completed successfully
ENG043,2025-01-15,3M,Oil Filter Replacement,Youssef M.,Completed,Oil Filter Replacement completed successfully
ENG043,2025-01-15,3M,Air Filter Check,Omar L.,Completed,Air Filter Check completed successfully
ENG043,2025-01-15,3M,General Inspection,Hassan T.,Completed,General Inspection completed successfully
ENG043,2025-02-15,6M,Oil Drain,Ahmed K.,Completed,Oil Drain completed successfully
ENG043,2025-02-15,6M,Oil Filter Replacement,Hassan T.,Completed,Oil Filter Replacement completed successfully
ENG043,2025-02-15,6M,Air Filter Replacement,Ahmed K.,Completed,Air Filter Replacement completed successfully
ENG043,2025-02-15,6M,Fuel Filter Check,Youssef M.,Completed,Fuel Filter Check completed successfully
ENG043,2025-02-15,6M,Belt Inspection,Hassan T.,Completed,Belt Inspection completed successfully
ENG043,2025-03-13,6M,Oil Drain,Hassan T.,Completed,Oil Drain completed successfully
ENG043,2025-03-13,6M,Oil Filter Replacement,Omar L.,Completed,Oil Filter Replacement completed successfully
ENG043,2025-03-13,6M,Air Filter Replacement,Ahmed K.,Completed,Air Filter Replacement completed successfully
ENG043,2025-03-13,6M,Fuel Filter Check,Hassan T.,Completed,Fuel Filter Check completed successfully
ENG043,2025-03-13,6M,Belt Inspection,Rachid B.,Completed,Belt Inspection completed successfully
ENG043,2025-04-16,6M,Oil Drain,Youssef M.,Completed,Oil Drain completed successfully
ENG043,2025-04-16,6M,Oil Filter Replacement,Rachid B.,Completed,Oil Filter Replacement completed successfully
ENG043,2025-04-16,6M,Air Filter Replacement,Youssef M.,Completed,Air Filter Replacement completed successfully
ENG043,2025-04-16,6M,Fuel Filter Check,Ahmed K.,Completed,Fuel Filter Check completed successfully
ENG043,2025-04-16,6M,Belt Inspection,Omar L.,Completed,Belt Inspection completed successfully
ENG044,2024-11-12,3M,Oil Drain,Omar L.,Completed,Oil Drain completed successfully
ENG044,2024-11-12,3M,Oil Filter Replacement,Omar L.,Completed,Oil Filter Replacement completed successfully
ENG044,2024-11-12,3M,Air Filter Check,Youssef M.,Completed,Air Filter Check completed successfully
ENG044,2024-11-12,3M,General Inspection,Rachid B.,Completed,General Inspection completed successfully
ENG044,2024-12-17,3M,Oil Drain,Youssef M.,Completed,Oil Drain completed successfully
ENG044,2024-12-17,3M,Oil Filter Replacement,Ahmed K.,Completed,Oil Filter Replacement completed successfully
ENG044,2024-12-17,3M,Air Filter Check,Youssef M.,Completed,Air Filter Check completed successfully
ENG044,2024-12-17,3M,General Inspection,Rachid B.,Completed,General Inspection completed successfully
ENG044,2025-01-18,3M,Oil Drain,Omar L.,Completed,Oil Drain completed successfully
ENG044,2025-01-18,3M,Oil Filter Replacement,Youssef M.,Completed,Oil Filter Replacement completed successfully
ENG044,2025-01-18,3M,Air Filter Check,Ahmed K.,Completed,Air Filter Check completed successfully
ENG044,2025-01-18,3M,General Inspection,Youssef M.,Completed,General Inspection completed successfully
ENG044,2025-02-10,6M,Oil Drain,Hassan T.,Completed,Oil Drain completed successfully
ENG044,2025-02-10,6M,Oil Filter Replacement,Hassan T.,Completed,Oil Filter Replacement completed successfully
ENG044,2025-02-10,6M,Air Filter Replacement,Omar L.,Completed,Air Filter Replacement completed successfully
ENG044,2025-02-10,6M,Fuel Filter Check,Omar L.,Completed,Fuel Filter Check completed successfully
ENG044,2025-02-10,6M,Belt Inspection,Hassan T.,Completed,Belt Inspection completed successfully
ENG044,2025-03-12,6M,Oil Drain,Omar L.,Completed,Oil Drain completed successfully
ENG044,2025-03-12,6M,Oil Filter Replacement,Omar L.,Completed,Oil Filter Replacement completed successfully
ENG044,2025-03-12,6M,Air Filter Replacement,Rachid B.,Completed,Air Filter Replacement completed successfully
ENG044,2025-03-12,6M,Fuel Filter Check,Rachid B.,Completed,Fuel Filter Check completed successfully
ENG044,2025-03-12,6M,Belt Inspection,Youssef M.,Completed,Belt Inspection completed successfully
ENG044,2025-04-14,6M,Oil Drain,Ahmed K.,Completed,Oil Drain completed successfully
ENG044,2025-04-14,6M,Oil Filter Replacement,Hassan T.,Completed,Oil Filter Replacement completed successfully
ENG044,2025-04-14,6M,Air Filter Replacement,Hassan T.,Completed,Air Filter Replacement completed successfully
ENG044,2025-04-14,6M,Fuel Filter Check,Rachid B.,Completed,Fuel Filter Check completed successfully
ENG044,2025-04-14,6M,Belt Inspection,Rachid B.,Completed,Belt Inspection completed successfully
